,Et,time
0,0.0,0.0
1,2.085564492181401e-70,0.002827706042514649
2,4.313844654571942e-69,0.005655412085029298
3,6.742985069183283e-65,0.008483118127543947
4,1.0518841794644493e-63,0.011310824170058596
5,5.215389652228993e-62,0.014138530212573245
6,7.54316481269457e-61,0.016966236255087894
7,1.1178930030846775e-59,0.019793942297602545
8,1.4043023790730968e-58,0.022621648340117192
9,1.3230826343945537e-57,0.025449354382631843
10,2.0562852013868513e-56,0.02827706042514649
11,2.915201170181335e-55,0.031104766467661145
12,1.7079516444402898e-54,0.03393247251017579
13,1.3623882388743834e-53,0.03676017855269044
14,7.195321225737903e-52,0.03958788459520509
15,9.12194575910589e-52,0.042415590637719734
16,7.97686756683469e-51,0.045243296680234385
17,7.476868336453548e-50,0.048071002722749036
18,9.141012389688986e-49,0.05089870876526369
19,1.1921942237767474e-47,0.05372641480777833
20,1.06201476527894e-46,0.05655412085029298
21,6.9843292406768634e-46,0.05938182689280763
22,3.3168127943013475e-45,0.06220953293532229
23,1.344928150945097e-44,0.06503723897783693
24,5.704015764673233e-44,0.06786494502035158
25,3.0166816800232755e-43,0.07069265106286624
26,4.8720737483993394e-42,0.07352035710538088
27,7.486546118838941e-41,0.07634806314789552
28,5.8500164667957775e-40,0.07917576919041018
29,3.252642070732313e-39,0.08200347523292482
30,1.4900087711249005e-38,0.08483118127543947
31,5.740173093245602e-38,0.08765888731795413
32,1.2609427024687918e-37,0.09048659336046877
33,4.6316019978450674e-39,0.09331429940298343
34,2.5125843906650343e-38,0.09614200544549807
35,5.3512757841906856e-36,0.09896971148801272
36,1.6026116255760803e-35,0.10179741753052737
37,1.9898887976853033e-35,0.10462512357304202
38,7.64824647752937e-37,0.10745282961555666
39,1.3855671680815754e-36,0.11028053565807132
40,3.921419969146458e-34,0.11310824170058596
41,7.3042699097314384e-34,0.11593594774310048
42,1.9212953040271208e-33,0.11876365378561526
43,5.173463809380731e-33,0.12159135982812991
44,1.4111266441177892e-32,0.12441906587064458
45,2.90968442301455e-32,0.12724677191315922
46,1.0601943261667635e-31,0.13007447795567387
47,4.119188776513401e-31,0.1329021839981885
48,1.6387308796861794e-30,0.13572989004070315
49,6.496672573503299e-30,0.13855759608321783
50,2.5322966958674227e-29,0.14138530212573247
51,9.722576092601142e-29,0.14421300816824711
52,3.6714502745891973e-28,0.14704071421076176
53,1.358639280917107e-27,0.1498684202532764
54,4.9238111275749256e-27,0.15269612629579105
55,1.7475949852468382e-26,0.1555238323383057
56,6.075626232308419e-26,0.15835153838082036
57,2.069377274758617e-25,0.161179244423335
58,6.907824990744315e-25,0.16400695046584965
59,2.260695283383005e-24,0.1668346565083643
60,7.255921336178843e-24,0.16966236255087894
61,2.284761037324128e-23,0.1724900685933936
62,7.060415409273696e-23,0.17531777463590825
63,2.141905819979282e-22,0.1781454806784229
64,6.380961332124682e-22,0.18097318672093754
65,1.8673186353228875e-21,0.18380089276345218
66,5.369384946908948e-21,0.18662859880596686
67,1.5174983789281608e-20,0.18945630484848147
68,4.2164810490992516e-20,0.19228401089099614
69,1.1521473087860823e-19,0.1951117169335108
70,3.0968260982704226e-19,0.19793942297602543
71,8.190096859337256e-19,0.2007671290185401
72,2.131742302929508e-18,0.20359483506105475
73,5.462123624097667e-18,0.20642254110356942
74,1.378081707930061e-17,0.20925024714608403
75,3.424351354635745e-17,0.2120779531885987
76,8.382484279855393e-17,0.21490565923111332
77,2.0218892815072752e-16,0.217733365273628
78,4.806504104550931e-16,0.22056107131614264
79,1.1263771184481452e-15,0.22338877735865728
80,2.602641202688565e-15,0.22621648340117192
81,5.930789707262668e-15,0.2290441894436866
82,1.3331185212398017e-14,0.2318718954862012
83,2.9564589705704524e-14,0.23469960152871588
84,6.470076922586697e-14,0.23752730757123053
85,1.3975525885786305e-13,0.24035501361374517
86,2.9801208540049565e-13,0.24318271965625982
87,6.274685744074279e-13,0.2460104256987745
88,1.3047509910564665e-12,0.24883813174128916
89,2.6799461237617497e-12,0.25166583778380375
90,5.438419862105127e-12,0.25449354382631845
91,1.0905693476669041e-11,0.2573212498688331
92,2.1614868186803302e-11,0.26014895591134773
93,4.234979020748749e-11,0.2629766619538624
94,8.203804626785433e-11,0.265804367996377
95,1.57133819896192e-10,0.26863207403889167
96,2.9754231501140725e-10,0.2714597800814063
97,5.567464417244429e-10,0.27428748612392095
98,1.0287683504072004e-09,0.27711519216643565
99,1.8766236055700394e-09,0.27994289820895024
100,3.380062981696728e-09,0.28277060425146494
101,6.01429287175922e-09,0.28559831029397953
102,1.0577796978049692e-08,0.28842601633649423
103,1.8397493564600522e-08,0.2912537223790089
104,3.1653893631745464e-08,0.2940814284215235
105,5.3891382238352774e-08,0.29690913446403816
106,9.080810465563883e-08,0.2997368405065528
107,1.51466355808552e-07,0.3025645465490675
108,2.501251540605819e-07,0.3053922525915821
109,4.089820882685268e-07,0.3082199586340968
110,6.622297179800302e-07,0.3110476646766114
111,1.0619886821275337e-06,0.3138753707191261
112,1.686891353003882e-06,0.3167030767616407
113,2.6543613373760583e-06,0.31953078280415537
114,4.137970590340549e-06,0.32235848884667
115,6.3916966417363115e-06,0.32518619488918465
116,9.783434939510217e-06,0.3280139009316993
117,1.4840819512239857e-05,0.33084160697421394
118,2.2313110415538933e-05,0.3336693130167286
119,3.325395218787806e-05,0.33649701905924323
120,4.913053763409319e-05,0.3393247251017579
121,7.19660445921183e-05,0.3421524311442726
122,0.00010452337211926212,0.3449801371867872
123,0.00015053927531041497,0.34780784322930186
124,0.0002150190945156975,0.3506355492718165
125,0.00030460325121477665,0.3534632553143312
126,0.0004280172204259711,0.3562909613568458
127,0.0005966175095895265,0.35911866739936044
128,0.0008250429194857665,0.3619463734418751
129,0.0011319828268381105,0.3647740794843898
130,0.0015410673183018904,0.36760178552690437
131,0.0020818890011080646,0.370429491569419
132,0.0027911496151650813,0.3732571976119337
133,0.0037139213379473917,0.37608490365444835
134,0.004905045652647172,0.37891260969696294
135,0.006430613618429344,0.38174031573947764
136,0.008369512095434094,0.3845680217819923
137,0.010814970254279861,0.387395727824507
138,0.013876057438052085,0.3902234338670216
139,0.017679005648713053,0.3930511399095362
140,0.022368406537131947,0.39587884595205086
141,0.02810809263819444,0.39870655199456556
142,0.03508166821981983,0.4015342580370802
143,0.043492568476683466,0.4043619640795948
144,0.053563547245387096,0.4071896701221095
145,0.06553550248826472,0.41001737616462414
146,0.07966556038861418,0.41284508220713884
147,0.0962243551769722,0.4156727882496534
148,0.1154924649602817,0.41850049429216807
149,0.13775599243986195,0.4213282003346827
150,0.16330130724827907,0.4241559063771974
151,0.1924090110644453,0.426983612419712
152,0.22534721992312567,0.42981131846222664
153,0.2623643030407594,0.43263902450474134
154,0.3036812567569252,0.435466730547256
155,0.34948392488388585,0.4382944365897706
156,0.399915305195392,0.4411221426322853
157,0.4550681949407171,0.4439498486747999
158,0.5149784526475424,0.44677755471731456
159,0.5796191138486096,0.44960526075982926
160,0.6488956522556195,0.45243296680234385
161,0.722642578937911,0.4552606728448585
162,0.8006215959594999,0.4580883788873732
163,0.8825214276523128,0.46091608492988784
164,0.9679593717698186,0.4637437909724024
165,1.0564844300740723,0.4665714970149171
166,1.1475817148360776,0.46939920305743177
167,1.2406779445782596,0.4722269090999464
168,1.3351478365077762,0.47505461514246106
169,1.4303218602565002,0.4778823211849757
170,1.5254938183543358,0.48071002722749034
171,1.6199431875070052,0.48353773327000504
172,1.712996947586077,0.48636543931251963
173,1.8040429870639116,0.4891931453550343
174,1.892434550015139,0.492020851397549
175,1.9774987439796903,0.4948485574400636
176,2.058658340161587,0.4976762634825783
177,2.1355699398623806,0.5005039695250929
178,2.2078528660814136,0.5033316755676077
179,2.27513495840955,0.5061593816101222
180,2.3370219210785113,0.5089870876526369
181,2.3933086941533244,0.5118147936951515
182,2.4438990148567394,0.5146424997376662
183,2.488620440769682,0.5174702057801808
184,2.527400797640363,0.5202979118226955
185,2.5603170052071964,0.5231256178652101
186,2.5875369526126737,0.5259533239077248
187,2.609261982234625,0.5287810299502395
188,2.625615574732902,0.531608735992754
189,2.636782897121731,0.5344364420352686
190,2.643018067103268,0.5372641480777833
191,2.6446954298874426,0.540091854120298
192,2.642295156972418,0.5429195601628126
193,2.636163215513333,0.5457472662053273
194,2.626504764337583,0.5485749722478419
195,2.6135361939755137,0.5514026782903567
196,2.597611260869435,0.5542303843328713
197,2.5791612810118743,0.5570580903753859
198,2.5585706510764785,0.5598857964179005
199,2.5362034858633455,0.5627135024604152
200,2.512355193635583,0.5655412085029299
201,2.487218615357987,0.5683689145454445
202,2.460924878007594,0.5711966205879591
203,2.4336216000673097,0.5740243266304738
204,2.405495048388631,0.5768520326729885
205,2.376751749399914,0.5796797387155032
206,2.3476391698381107,0.5825074447580177
207,2.318449152598908,0.5853351508005323
208,2.289405180365972,0.588162856843047
209,2.2605341138771444,0.5909905628855617
210,2.231750225967559,0.5938182689280763
211,2.2030229320602825,0.5966459749705909
212,2.174352042287595,0.5994736810131058
213,2.1458028900049166,0.6023013870556203
214,2.117486194164923,0.605129093098135
215,2.089509197001898,0.6079567991406496
216,2.0619491927624205,0.6107845051831642
217,2.034887873469928,0.6136122112256789
218,2.00837693058697,0.6164399172681936
219,1.9824104298432779,0.6192676233107082
220,1.9569583560228332,0.6220953293532228
221,1.9319450718190052,0.6249230353957375
222,1.907264823478185,0.6277507414382522
223,1.882816236923403,0.6305784474807667
224,1.8586115147760707,0.6334061535232814
225,1.8346952787927648,0.6362338595657963
226,1.811115836464698,0.6390615656083107
227,1.7879349898490404,0.6418892716508254
228,1.7652178992725127,0.64471697769334
229,1.7430156820019125,0.6475446837358548
230,1.721363355393856,0.6503723897783693
231,1.7001804946204886,0.653200095820884
232,1.6793177605460379,0.6560278018633986
233,1.6587027796070148,0.6588555079059133
234,1.6383152826969636,0.6616832139484279
235,1.6181234236701234,0.6645109199909426
236,1.598100993873089,0.6673386260334572
237,1.5782739468512768,0.6701663320759719
238,1.558664954557336,0.6729940381184865
239,1.5392559487858968,0.6758217441610012
240,1.5201168030379277,0.6786494502035157
241,1.5012970196407915,0.6814771562460304
242,1.4828103623300433,0.6843048622885453
243,1.4647227017419162,0.6871325683310597
244,1.4470969077137732,0.6899602743735744
245,1.4298986350427383,0.692787980416089
246,1.413069031645074,0.6956156864586037
247,1.396515456499698,0.6984433925011183
248,1.3801417569191623,0.701271098543633
249,1.363856671900796,0.7040988045861477
250,1.347651056999309,0.7069265106286624
251,1.3315369399938939,0.709754216671177
252,1.3155673084197286,0.7125819227136917
253,1.2997860916844786,0.7154096287562062
254,1.2842037587981308,0.7182373347987209
255,1.268818260738753,0.7210650408412356
256,1.2536323574896966,0.7238927468837502
257,1.2386071808417316,0.7267204529262649
258,1.2238087059187206,0.7295481589687796
259,1.209268720546572,0.7323758650112943
260,1.1949876416065954,0.7352035710538088
261,1.181022695565534,0.7380312770963235
262,1.167422804697316,0.740858983138838
263,1.15415935063119,0.7436866891813527
264,1.1411402786911444,0.7465143952238674
265,1.1283271672389443,0.7493421012663821
266,1.1156564867478287,0.7521698073088967
267,1.1030969305202594,0.7549975133514114
268,1.0906359885115333,0.7578252193939261
269,1.078280226542538,0.7606529254364407
270,1.0660829959216251,0.7634806314789553
271,1.0540630482851396,0.7663083375214699
272,1.0422826127751683,0.7691360435639846
273,1.0307751196267068,0.7719637496064993
274,1.019519401925515,0.774791455649014
275,1.0084807547729835,0.7776191616915286
276,0.9976303153447341,0.7804468677340433
277,0.9869554275572269,0.783274573776558
278,0.9764467433027015,0.7861022798190725
279,0.9660678306624044,0.7889299858615871
280,0.9558393285129099,0.7917576919041017
281,0.9457642585625112,0.7945853979466164
282,0.9358069100436174,0.7974131039891311
283,0.9259806275956051,0.8002408100316458
284,0.9163276713388345,0.8030685160741604
285,0.9068223507931396,0.8058962221166751
286,0.897409001131437,0.8087239281591898
287,0.888005329741764,0.8115516342017043
288,0.8785836328101736,0.814379340244219
289,0.8691402029430249,0.8172070462867336
290,0.8596836405298328,0.8200347523292483
291,0.8502705898490309,0.822862458371763
292,0.8409579545672949,0.8256901644142777
293,0.8317841489903436,0.8285178704567923
294,0.8228185702645737,0.831345576499307
295,0.8140887503302686,0.8341732825418217
296,0.8055484224190532,0.8370009885843361
297,0.797190629770747,0.8398286946268508
298,0.7890349951186769,0.8426564006693654
299,0.7811041521027755,0.8454841067118801
300,0.7734582099362861,0.8483118127543948
301,0.7661127560081158,0.8511395187969095
302,0.7590712876650723,0.8539672248394241
303,0.7522947193229613,0.8567949308819388
304,0.7457321873870049,0.8596226369244533
305,0.7393552741384606,0.862450342966968
306,0.733116985426911,0.8652780490094827
307,0.7269779463175405,0.8681057550519973
308,0.7209149533332155,0.870933461094512
309,0.7149147690634561,0.8737611671370267
310,0.7089625012837643,0.8765888731795414
311,0.7030253975091192,0.879416579222056
312,0.6971118596818884,0.8822442852645707
313,0.6912264998071043,0.8850719913070851
314,0.6853414852793561,0.8878996973495998
315,0.6794309450874778,0.8907274033921145
316,0.6734387224852898,0.8935551094346291
317,0.6673413137852443,0.8963828154771438
318,0.6611274828930579,0.8992105215196585
319,0.6547886878889421,0.9020382275621732
320,0.6483395519857337,0.9048659336046878
321,0.6417906008963441,0.9076936396472024
322,0.6351669923750907,0.910521345689717
323,0.628522650646418,0.9133490517322317
324,0.6219160698256312,0.9161767577747464
325,0.6153983285054584,0.919004463817261
326,0.6090082070900686,0.9218321698597757
327,0.602761019584648,0.9246598759022904
328,0.5966808335823892,0.9274875819448051
329,0.5907960031191768,0.9303152879873197
330,0.5850837736635875,0.9331429940298342
331,0.5795113090604822,0.9359707000723488
332,0.5740846887948714,0.9387984061148635
333,0.5688365822581669,0.9416261121573782
334,0.5637763289317019,0.9444538181998928
335,0.5589323278468087,0.9472815242424075
336,0.5543230007164649,0.9501092302849222
337,0.5499496656665802,0.9529369363274369
338,0.5458220588139172,0.9557646423699515
339,0.5419319753755701,0.9585923484124661
340,0.5382465850782349,0.9614200544549807
341,0.5347568364329603,0.9642477604974954
342,0.5314307275572174,0.9670754665400101
343,0.5282384621865664,0.9699031725825248
344,0.5251603078024709,0.9727308786250394
345,0.5221715605836884,0.9755585846675541
346,0.5192433924127717,0.9783862907100688
347,0.5163381257106877,0.9812139967525833
348,0.5134199903447279,0.984041702795098
349,0.5104763857291654,0.9868694088376125
350,0.5075019727701294,0.9896971148801272
351,0.5044990531921281,0.9925248209226419
352,0.5014526344478588,0.9953525269651566
353,0.49834791563547026,0.9981802330076712
354,0.4951569971325073,1.0010079390501858
355,0.49186894136507275,1.0038356450927006
356,0.48847596107315105,1.006663351135215
357,0.48494899328928237,1.0094910571777298
358,0.481281844561447,1.0123187632202444
359,0.47748173800053156,1.0151464692627592
360,0.4735652295293925,1.0179741753052738
361,0.46955565444243713,1.0208018813477884
362,0.4654631979834521,1.0236295873903032
363,0.461302371073581,1.0264572934328178
364,0.4571040232818698,1.0292849994753324
365,0.4528880551135525,1.032112705517847
366,0.4486692524876646,1.0349404115603615
367,0.4444584946424073,1.0377681176028763
368,0.44026760836977996,1.040595823645391
369,0.4360917496053735,1.0434235296879055
370,0.4319420575355552,1.0462512357304203
371,0.42783728530488946,1.049078941772935
372,0.42378170946646126,1.0519066478154495
373,0.41978525481403556,1.054734353857964
374,0.4158545915045227,1.057562059900479
375,0.41199922359315205,1.0603897659429935
376,0.40822617514512016,1.063217471985508
377,0.40453435037750174,1.066045178028023
378,0.4008980937476025,1.0688728840705375
379,0.39730092971913994,1.071700590113052
380,0.39373369392947855,1.0745282961555669
381,0.3902176237646822,1.0773560021980813
382,0.3867883933336871,1.080183708240596
383,0.3834755172186121,1.0830114142831107
384,0.38030548609139203,1.0858391203256252
385,0.37729272918391515,1.08866682636814
386,0.37445379388646777,1.0914945324106546
387,0.371789015316451,1.0943222384531692
388,0.36929973685186906,1.097149944495684
389,0.3669902486970139,1.0999776505381986
390,0.36485188909124555,1.1028053565807132
391,0.3628761873908554,1.1056330626232278
392,0.36105888635024574,1.1084607686657426
393,0.3593896074649475,1.1112884747082572
394,0.35784697651950426,1.1141161807507718
395,0.3564182197652105,1.1169438867932866
396,0.3550875921197167,1.1197715928358012
397,0.3538302676758935,1.1225992988783158
398,0.35260980190632196,1.1254270049208304
399,0.351410266548402,1.128254710963345
400,0.3502228097033072,1.1310824170058598
401,0.3490277251260239,1.1339101230483744
402,0.34780781335746097,1.136737829090889
403,0.3465535889161022,1.1395655351334038
404,0.34525842337822926,1.1423932411759183
405,0.343915058920189,1.145220947218433
406,0.34252088748619713,1.1480486532609477
407,0.34106946642234065,1.150876359303462
408,0.33955355445067475,1.153704065345977
409,0.3379648416721694,1.1565317713884915
410,0.336288283349196,1.1593594774310063
411,0.3345037229166298,1.162187183473521
412,0.3325917787206934,1.1650148895160355
413,0.33053960214492767,1.1678425955585503
414,0.3283428164899817,1.1706703016010649
415,0.32600615901291097,1.1734980076435795
416,0.32354065751032196,1.176325713686094
417,0.3209539297456865,1.1791534197286087
418,0.3182696973155892,1.1819811257711235
419,0.31551321445686586,1.184808831813638
420,0.31271208740903594,1.1876365378561526
421,0.3098856086300068,1.1904642438986675
422,0.30704826184258577,1.193291949941182
423,0.3042119272157489,1.1961196559836966
424,0.3013824733679632,1.1989473620262112
425,0.29855978285834367,1.2017750680687258
426,0.2957464829416997,1.2046027741112406
427,0.29294755671358247,1.2074304801537552
428,0.2901692484912704,1.21025818619627
429,0.28741859853492513,1.2130858922387846
430,0.2847017539718786,1.2159135982812992
431,0.2820244420012652,1.218741304323814
432,0.2793916953685638,1.2215690103663284
433,0.27680945031376786,1.2243967164088432
434,0.2742815358001209,1.2272244224513578
435,0.2718085776418601,1.2300521284938724
436,0.2693855529098738,1.2328798345363872
437,0.2670205131123308,1.2357075405789018
438,0.26472038011200805,1.2385352466214163
439,0.2624934820744383,1.2413629526639312
440,0.26034474251192824,1.2441906587064455
441,0.25827564155920085,1.2470183647489603
442,0.2562837268169984,1.249846070791475
443,0.25436243500083466,1.2526737768339895
444,0.2524867523282881,1.2555014828765043
445,0.2506253469122148,1.258329188919019
446,0.2487707010292091,1.2611568949615335
447,0.24692809373995694,1.263984601004048
448,0.2451131321734654,1.266812307046563
449,0.2433390911998008,1.2696400130890775
450,0.24162154950063572,1.272467719131592
451,0.239975463478674,1.2752954251741069
452,0.2384121700672171,1.2781231312166215
453,0.23693706879474155,1.280950837259136
454,0.23555224373951145,1.2837785433016509
455,0.23425667719761517,1.2866062493441652
456,0.23304815616773433,1.28943395538668
457,0.23192554731392395,1.2922616614291946
458,0.23088644856500057,1.2950893674717092
459,0.22992584546409114,1.297917073514224
460,0.22903181911545703,1.3007447795567386
461,0.22818935473373456,1.3035724855992534
462,0.22738721256665734,1.306400191641768
463,0.22661339810875347,1.3092278976842826
464,0.22585480410529318,1.3120556037267972
465,0.22509775744449664,1.3148833097693118
466,0.2243225545336061,1.3177110158118266
467,0.22351906849713696,1.3205387218543412
468,0.22268258267897303,1.3233664278968558
469,0.2218092267352612,1.3261941339393706
470,0.22089602893072435,1.3290218399818852
471,0.21993820868315309,1.3318495460243998
472,0.2189330592689402,1.3346772520669143
473,0.21788414581425083,1.337504958109429
474,0.2167971352338418,1.3403326641519437
475,0.2156739636019788,1.3431603701944583
476,0.2145124953236215,1.345988076236973
477,0.21330623195914294,1.3488157822794877
478,0.21204741360968166,1.3516434883220023
479,0.21072912474720681,1.3544711943645171
480,0.2093453252378631,1.3572989004070315
481,0.20789167859139465,1.3601266064495463
482,0.2063662944511591,1.362954312492061
483,0.2047703555601467,1.3657820185345755
484,0.20310735707954147,1.3686097245770903
485,0.2013828804988487,1.3714374306196049
486,0.19960435988836556,1.3742651366621195
487,0.197781150413057,1.3770928427046343
488,0.195923606170612,1.3799205487471489
489,0.19404275074149877,1.3827482547896635
490,0.1921479971914673,1.385575960832178
491,0.1902468782545005,1.3884036668746929
492,0.18834390937032516,1.3912313729172074
493,0.1864461364845949,1.3940590789597218
494,0.18456316236821008,1.3968867850022366
495,0.18270468098691114,1.3997144910447512
496,0.18087859818567056,1.402542197087266
497,0.1790919201638253,1.4053699031297806
498,0.17735034913951875,1.4081976091722954
499,0.17565730906129953,1.41102531521481
500,0.17401394344590923,1.4138530212573248
501,0.17242001834859189,1.4166807272998392
502,0.17087499748987672,1.4195084333423538
503,0.1693766085441743,1.4223361393848686
504,0.16792256698314145,1.4251638454273832
505,0.16651074873447022,1.427991551469898
506,0.16513932668196743,1.4308192575124123
507,0.16380668651288932,1.4336469635549272
508,0.16251151738199793,1.4364746695974417
509,0.16125291718442042,1.4393023756399566
510,0.16003055121422002,1.4421300816824711
511,0.158844082664994,1.4449577877249855
512,0.15769346568936715,1.4477854937675003
513,0.1565771258562872,1.450613199810015
514,0.15549294960557136,1.4534409058525297
515,0.15444174887402126,1.4562686118950443
516,0.15342492760604995,1.4590963179375591
517,0.1524438577544493,1.4619240239800737
518,0.15149880208228209,1.464751730022588
519,0.1505886315076522,1.4675794360651029
520,0.1497077707110734,1.4704071421076175
521,0.14884463280699006,1.4732348481501323
522,0.147986641714379,1.4760625541926469
523,0.14713115581109582,1.4788902602351617
524,0.14628358061785943,1.481717966277676
525,0.14545099503509273,1.4845456723201909
526,0.14464199323002333,1.4873733783627054
527,0.14386414236068615,1.49020108440522
528,0.14312260131986593,1.4930287904477348
529,0.14241791609557436,1.4958564964902492
530,0.14175161993045937,1.4986842025327642
531,0.14112621808779566,1.5015119085752786
532,0.14054312111324815,1.5043396146177934
533,0.14000112659799188,1.507167320660308
534,0.13949647156874032,1.5099950267028228
535,0.139024723508389,1.5128227327453374
536,0.13858146091650186,1.5156504387878518
537,0.13816248124146235,1.5184781448303666
538,0.13776309954848565,1.5213058508728812
539,0.13737810404883607,1.524133556915396
540,0.1370022195506176,1.5269612629579106
541,0.13663033633330662,1.5297889690004254
542,0.13625778733063051,1.5326166750429397
543,0.13588062834791975,1.5354443810854546
544,0.1354952100665234,1.5382720871279691
545,0.1350983116465229,1.5410997931704837
546,0.13468709665348,1.5439274992129985
547,0.13425918121357666,1.546755205255513
548,0.1338136200963823,1.549582911298028
549,0.1333502729291022,1.5524106173405423
550,0.13286922989770197,1.5552383233830571
551,0.1323705464021057,1.5580660294255717
552,0.13185453497600197,1.5608937354680863
553,0.1313218929362514,1.563721441510601
554,0.13077362406318238,1.5665491475531155
555,0.1302112228500472,1.5693768535956303
556,0.12963591670275285,1.5722045596381449
557,0.1290485663497356,1.5750322656806597
558,0.12844762931917042,1.5778599717231743
559,0.1278310921815443,1.580687677765689
560,0.12719697149836842,1.5835153838082034
561,0.12654326754731834,1.586343089850718
562,0.12586797808543995,1.5891707958932328
563,0.12516887795148754,1.5919985019357474
564,0.12444411278630176,1.5948262079782622
565,0.12369283651304004,1.5976539140207766
566,0.12291523176603296,1.6004816200632916
567,0.12211260308788308,1.603309326105806
568,0.12128712497862947,1.6061370321483208
569,0.12044170640040483,1.6089647381908354
570,0.11957977922680349,1.61179244423335
571,0.11870532009996265,1.6146201502758648
572,0.11782238293362983,1.6174478563183792
573,0.11693472876064945,1.620275562360894
574,0.11604695443218085,1.6231032684034086
575,0.1151635684292714,1.6259309744459234
576,0.11428844196782371,1.628758680488438
577,0.11342467039387755,1.6315863865309528
578,0.11257457227601864,1.6344140925734671
579,0.11173978811125418,1.6372417986159817
580,0.11092157118760164,1.6400695046584965
581,0.11012035618189148,1.6428972107010111
582,0.10933611231288314,1.645724916743526
583,0.10856851350948354,1.6485526227860405
584,0.10781705568400524,1.6513803288285553
585,0.10708109827944796,1.6542080348710697
586,0.10635991094549635,1.6570357409135843
587,0.10565267849196959,1.659863446956099
588,0.10495862904758156,1.6626911529986137
589,0.10427699266925212,1.6655188590411285
590,0.10360681282205175,1.6683465650836429
591,0.10294711864335943,1.6711742711261577
592,0.10229569421716206,1.6740019771686723
593,0.10165088964031199,1.676829683211187
594,0.1010137414085963,1.6796573892537017
595,0.10038580840237017,1.682485095296216
596,0.09976868749815901,1.6853128013387308
597,0.09916365575292904,1.6881405073812454
598,0.09857152220448884,1.6909682134237602
599,0.09799267580659932,1.6937959194662748
600,0.09742722771402529,1.6966236255087896
601,0.09687514623698049,1.6994513315513042
602,0.09633633931472874,1.702279037593819
603,0.09581070913013635,1.7051067436363334
604,0.09529816342930701,1.707934449678848
605,0.0947986016308169,1.7107621557213628
606,0.09431191024949631,1.7135898617638774
607,0.09383782173667202,1.7164175678063922
608,0.09337597476956697,1.7192452738489066
609,0.09292550471102892,1.7220729798914214
610,0.09248425831471313,1.724900685933936
611,0.09204937894889105,1.7277283919764508
612,0.0916162679389818,1.7305560980189654
613,0.0911798116017444,1.7333838040614797
614,0.09073791857134693,1.7362115101039945
615,0.09029151512851331,1.7390392161465091
616,0.0898424638539435,1.741866922189024
617,0.08939402585188996,1.7446946282315385
618,0.08895147169980167,1.7475223342740533
619,0.08851961184073583,1.750350040316568
620,0.08810226799100153,1.7531777463590823
621,0.0877028531174542,1.7560054524015971
622,0.08732463842514873,1.7588331584441117
623,0.08696969318140359,1.7616608644866265
624,0.08663886563669596,1.764488570529141
625,0.08633218447353347,1.767316276571656
626,0.08604834389769828,1.7701439826141703
627,0.08578548131087899,1.772971688656685
628,0.08554146810680971,1.7757993946991997
629,0.08531411993658466,1.7786271007417143
630,0.08510129543953589,1.781454806784229
631,0.0849009570489526,1.7842825128267434
632,0.08471121886155501,1.7871102188692582
633,0.08453020265134638,1.7899379249117728
634,0.08435618617106103,1.7927656309542876
635,0.08418783903980243,1.7955933369968022
636,0.0840239366730317,1.798421043039317
637,0.08386339025714745,1.8012487490818316
638,0.08370510814745476,1.804076455124346
639,0.08354775236354013,1.8069041611668608
640,0.08339020613882582,1.8097318672093754
641,0.08323126843694209,1.8125595732518902
642,0.08306957364553678,1.8153872792944048
643,0.08290382894486653,1.8182149853369196
644,0.08273292538168349,1.821042691379434
645,0.0825559972929508,1.8238703974219488
646,0.08237233813666235,1.8266981034644634
647,0.08218149331867691,1.829525809506978
648,0.0819831834367907,1.8323535155494928
649,0.08177722089788335,1.8351812215920071
650,0.08156350189289704,1.838008927634522
651,0.08134200580918707,1.8408366336770365
652,0.08111280561575974,1.8436643397195513
653,0.08087603749158634,1.846492045762066
654,0.08063188654904846,1.8493197518045805
655,0.08038066468644345,1.8521474578470953
656,0.08012270655047281,1.8549751638896097
657,0.0798583814367013,1.8578028699321245
658,0.0795882514722653,1.860630575974639
659,0.07931284768909573,1.863458282017154
660,0.07903274608026807,1.8662859880596685
661,0.07874825047449974,1.8691136941021833
662,0.0784591109103416,1.8719414001446977
663,0.07816471955392618,1.8747691061872123
664,0.07786395463313416,1.877596812229727
665,0.07755615564631797,1.8804245182722417
666,0.07724058673010685,1.8832522243147565
667,0.0769162105693924,1.8860799303572708
668,0.07658197376804528,1.8889076363997857
669,0.07623693680651857,1.8917353424423002
670,0.07588032263027865,1.894563048484815
671,0.07551161231098646,1.8973907545273296
672,0.07513051853384062,1.9002184605698442
673,0.0747370790735951,1.903046166612359
674,0.07433174471130023,1.9058738726548734
675,0.07391538994881827,1.9087015786973882
676,0.07348930746022672,1.9115292847399028
677,0.07305512950787203,1.9143569907824176
678,0.07261472829661579,1.9171846968249322
679,0.07217028230923078,1.920012402867447
680,0.07172389996268479,1.9228401089099614
681,0.0712775240769235,1.925667814952476
682,0.07083301060692285,1.9284955209949908
683,0.07039203442532829,1.9313232270375054
684,0.06995601075711008,1.9341509330800202
685,0.06952612465288867,1.9369786391225345
686,0.06910329607699585,1.9398063451650496
687,0.06868804448112775,1.942634051207564
688,0.06828072675825168,1.9454617572500785
689,0.06788145466818112,1.9482894632925933
690,0.06748929332880305,1.951117169335108
691,0.06710385867045689,1.9539448753776227
692,0.06672522667671264,1.956772581420137
693,0.0663533988597501,1.959600287462652
694,0.06598839285796565,1.9624279935051665
695,0.06563008196572065,1.9652556995476813
696,0.0652778578123167,1.968083405590196
697,0.06493149516497128,1.9709111116327103
698,0.0645910409410082,1.973738817675225
699,0.06425643341608367,1.9765665237177397
700,0.06392748431786947,1.9793942297602545
701,0.06360392167371769,1.982221935802769
702,0.06328543793468691,1.9850496418452839
703,0.06297172711699134,1.9878773478877982
704,0.06266250296870525,1.9907050539303133
705,0.0623575072342006,1.9935327599728276
706,0.06205651355327926,1.9963604660153422
707,0.06175932754099041,1.999188172057857
708,0.06146578102709541,2.0020158781003716
709,0.06117573152344523,2.004843584142886
710,0.06088906106968791,2.007671290185401
711,0.06060565833448445,2.010498996227916
712,0.06032543468768863,2.01332670227043
713,0.06004833199892995,2.016154408312945
714,0.05977424791128173,2.0189821143554596
715,0.0595031049213201,2.021809820397974
716,0.05923490303735567,2.0246375264404888
717,0.058969328146009414,2.0274652324830034
718,0.05870636068287144,2.0302929385255184
719,0.058446226292259235,2.0331206445680325
720,0.058189136001093926,2.0359483506105476
721,0.05793523261396477,2.038776056653062
722,0.05768459588329184,2.0416037626955768
723,0.057437358424875455,2.0444314687380913
724,0.05719355746072468,2.047259174780606
725,0.05695311903368246,2.0500868808231205
726,0.05671600474771384,2.052914586865635
727,0.05648220595220254,2.05574229290815
728,0.05625151021233706,2.0585699989506647
729,0.05602370695661846,2.0613977049931793
730,0.055798570234403204,2.064225411035694
731,0.055575825876068186,2.0670531170782085
732,0.055355125289119955,2.069880823120723
733,0.05513545188266942,2.0727085291632377
734,0.054916679086558735,2.0755362352057527
735,0.05469713971529228,2.0783639412482673
736,0.05447489055277287,2.081191647290782
737,0.054247791471911916,2.0840193533332965
738,0.054013959817115154,2.086847059375811
739,0.05377256074495666,2.0896747654183256
740,0.05352432854916032,2.0925024714608402
741,0.05327100880777624,2.0953301775033553
742,0.05301477553044603,2.0981578835458694
743,0.05275790122817448,2.1009855895883844
744,0.05250237545911065,2.103813295630899
745,0.05225021913554671,2.1066410016734136
746,0.052003505150885275,2.109468707715928
747,0.051764147635951344,2.1122964137584432
748,0.05153371266470498,2.115124119800958
749,0.05131343112283506,2.117951825843472
750,0.05110423311526073,2.120779531885987
751,0.05090674750225711,2.1236072379285016
752,0.05072131594097867,2.126434943971016
753,0.05054799463015948,2.1292626500135308
754,0.050386593574590736,2.132090356056046
755,0.05023670109134552,2.13491806209856
756,0.05009776208920278,2.1377457681410745
757,0.04996913270654015,2.1405734741835896
758,0.049850097911855254,2.143401180226104
759,0.04973997234455156,2.1462288862686187
760,0.04963817025413909,2.1490565923111333
761,0.04954414464468656,2.151884298353648
762,0.04945743706917706,2.1547120043961625
763,0.049377607791838446,2.1575397104386775
764,0.04930419499772941,2.160367416481192
765,0.04923672298259366,2.1631951225237063
766,0.049174703916550974,2.1660228285662213
767,0.04911761026909516,2.168850534608736
768,0.04906489352026811,2.1716782406512505
769,0.04901598432199196,2.174505946693765
770,0.048970309439610935,2.17733365273628
771,0.04892729132009246,2.1801613587787947
772,0.0488863384403168,2.1829890648213093
773,0.04884683436463832,2.185816770863824
774,0.048808130048293374,2.1886444769063385
775,0.048769542106774894,2.191472182948853
776,0.0487303586746097,2.1942998889913676
777,0.04868985348723239,2.1971275950338827
778,0.04864730153010144,2.199955301076397
779,0.04860199992354333,2.202783007118912
780,0.048553287005570614,2.2056107131614264
781,0.04850056302911815,2.208438419203941
782,0.048443305712209776,2.2112661252464556
783,0.048381082844042224,2.21409383128897
784,0.04831355447294244,2.2169215373314852
785,0.04824046906183789,2.2197492433739994
786,0.04816166975916998,2.2225769494165144
787,0.048077083473218096,2.225404655459029
788,0.047986690936632964,2.2282323615015436
789,0.04789048447796654,2.231060067544058
790,0.047788547692152815,2.2338877735865728
791,0.047680937438001565,2.2367154796290873
792,0.047567600338394495,2.239543185671602
793,0.04744874251984942,2.242370891714117
794,0.0473249849174896,2.2451985977566316
795,0.04719696750239858,2.248026303799146
796,0.04706507812691444,2.2508540098416607
797,0.046929487624459296,2.2536817158841753
798,0.046789959687195654,2.25650942192669
799,0.0466458746645751,2.2593371279692045
800,0.046496441708869345,2.2621648340117195
801,0.04634074375565902,2.264992540054234
802,0.046177709774025605,2.2678202460967487
803,0.046006342374934485,2.2706479521392633
804,0.04582610545495862,2.273475658181778
805,0.0456367186219398,2.2763033642242925
806,0.04543814237905685,2.2791310702668075
807,0.04523069092873624,2.281958776309322
808,0.04501494908890996,2.2847864823518362
809,0.04479166606238344,2.2876141883943513
810,0.044561841104050044,2.290441894436866
811,0.04432673859915573,2.2932696004793804
812,0.044087803767761745,2.296097306521895
813,0.04384653873831996,2.29892501256441
814,0.04360440640705715,2.301752718606924
815,0.04336276807251076,2.3045804246494392
816,0.04312284537952225,2.307408130691954
817,0.042885698240386225,2.3102358367344684
818,0.042652213513907064,2.313063542776983
819,0.04242310310240762,2.3158912488194976
820,0.04219890868118121,2.3187189548620126
821,0.04198001318140374,2.3215466609045268
822,0.04176665526900792,2.324374366947042
823,0.041558947339622974,2.3272020729895564
824,0.04135689377439739,2.330029779032071
825,0.04116040911780773,2.3328574850745856
826,0.04096933442069406,2.3356851911171
827,0.04078345596957593,2.3385128971596147
828,0.04060251884877641,2.3413406032021293
829,0.04042623513696006,2.3441683092446444
830,0.04025430537584258,2.346996015287159
831,0.04008642171234911,2.3498237213296735
832,0.039922265189421706,2.352651427372188
833,0.03976152995101064,2.3554791334147027
834,0.03960393641501363,2.3583068394572173
835,0.039449232698388625,2.361134545499732
836,0.03929719247570067,2.363962251542247
837,0.03914761298977085,2.3667899575847615
838,0.0390003109635922,2.369617663627276
839,0.03885512088413299,2.3724453696697907
840,0.03871189328125959,2.3752730757123053
841,0.03857049377502081,2.37810078175482
842,0.038430792236791356,2.3809284877973345
843,0.03829266460473642,2.3837561938398495
844,0.03815600177052033,2.3865838998823636
845,0.038020716529003566,2.3894116059248787
846,0.0378866850298655,2.3922393119673933
847,0.03775380341068353,2.395067018009908
848,0.037621995873196874,2.3978947240524224
849,0.037491125961743525,2.400722430094937
850,0.03736105019532018,2.4035501361374516
851,0.037231635434698686,2.406377842179966
852,0.0371027574006595,2.4092055482224812
853,0.03697429992133221,2.412033254264996
854,0.036846148182943676,2.4148609603075104
855,0.03671817612256706,2.417688666350025
856,0.036590321151730526,2.42051637239254
857,0.03646253243346664,2.423344078435054
858,0.03633475948133945,2.4261717844775688
859,0.03620695642629536,2.428999490520084
860,0.03607908377932869,2.4318271965625984
861,0.035951110524096615,2.434654902605113
862,0.03582301574767569,2.4374826086476276
863,0.03569478975107332,2.440310314690142
864,0.0355664347348011,2.4431380207326567
865,0.03543796530950082,2.4459657267751718
866,0.035309407937111334,2.4487934328176864
867,0.035180799564024506,2.4516211388602005
868,0.03505218604803838,2.4544488449027155
869,0.03492362001282761,2.45727655094523
870,0.03479515868491974,2.4601042569877447
871,0.034666861960282874,2.4629319630302593
872,0.034538789511000575,2.4657596690727743
873,0.03441099884758859,2.468587375115289
874,0.0342835445374202,2.4714150811578035
875,0.034156476175543536,2.474242787200318
876,0.03402983794247609,2.4770704932428327
877,0.0339036661303851,2.4798981992853473
878,0.03377799295315363,2.482725905327862
879,0.03365284312572214,2.485553611370377
880,0.03352823650352907,2.488381317412891
881,0.03340419258634725,2.491209023455406
882,0.03328072397446074,2.4940367294979207
883,0.03315784099816524,2.4968644355404352
884,0.033035509559049436,2.49969214158295
885,0.0329136867899518,2.5025198476254644
886,0.03279232947549834,2.505347553667979
887,0.03267139040666134,2.5081752597104936
888,0.032550819527836235,2.5110029657530086
889,0.03243056228729555,2.513830671795523
890,0.03231055789914445,2.516658377838038
891,0.03219073768322047,2.5194860838805524
892,0.03207101875847573,2.522313789923067
893,0.031951307620928515,2.5251414959655816
894,0.031831496144571265,2.527969202008096
895,0.03171143441736296,2.530796908050611
896,0.03159092612736289,2.533624614093126
897,0.031469725502606787,2.5364523201356404
898,0.03134741591798712,2.539280026178155
899,0.031223361644099498,2.5421077322206695
900,0.031096687992162964,2.544935438263184
901,0.03096629605172264,2.5477631443056987
902,0.030831024587252256,2.5505908503482138
903,0.03068999811189039,2.553418556390728
904,0.03054293603618115,2.556246262433243
905,0.030390203720129707,2.5590739684757575
906,0.030232625897426025,2.561901674518272
907,0.030071213604662906,2.5647293805607867
908,0.029907010928334643,2.5675570866033017
909,0.02974114650543993,2.5703847926458163
910,0.029574724468356302,2.5732124986883305
911,0.02940875289058847,2.5760402047308455
912,0.029244132273830874,2.57886791077336
913,0.029081651479931667,2.5816956168158747
914,0.028921985793601446,2.5845233228583893
915,0.028765693477442206,2.5873510289009043
916,0.028613212355135666,2.5901787349434184
917,0.028464875905200353,2.593006440985933
918,0.028320967546006076,2.595834147028448
919,0.028181776784486277,2.5986618530709626
920,0.028047636663029528,2.6014895591134772
921,0.02791891075170851,2.604317265155992
922,0.02779592814415182,2.607144971198507
923,0.02767891623361911,2.609972677241021
924,0.027567955753922208,2.612800383283536
925,0.027462980589550535,2.6156280893260506
926,0.027363801538616457,2.618455795368565
927,0.02727019533255488,2.62128350141108
928,0.02718195945402315,2.6241112074535944
929,0.027098913523145893,2.626938913496109
930,0.027020888978181588,2.6297666195386236
931,0.02694771680015908,2.6325943255811386
932,0.026879215286946933,2.635422031623653
933,0.026815188853517132,2.6382497376661678
934,0.0267554387745424,2.6410774437086824
935,0.026699771877460376,2.643905149751197
936,0.026648011221084157,2.6467328557937115
937,0.02660000304783544,2.649560561836226
938,0.026555622049376927,2.652388267878741
939,0.026514771884012897,2.6552159739212553
940,0.02647738490867341,2.6580436799637703
941,0.02644341373958405,2.660871386006285
942,0.026412829954298882,2.6636990920487995
943,0.026385617907889885,2.666526798091314
944,0.026361766715175577,2.6693545041338287
945,0.026341262455320244,2.6721822101763437
946,0.02632407769533894,2.675009916218858
947,0.026310165056849306,2.677837622261373
948,0.026299451363749494,2.6806653283038875
949,0.026291832703694794,2.683493034346402
950,0.026287167862220552,2.6863207403889167
951,0.02628527349879906,2.6891484464314312
952,0.026285922333472975,2.691976152473946
953,0.026288839620371422,2.6948038585164604
954,0.026293707613017896,2.6976315645589755
955,0.026300164262508093,2.70045927060149
956,0.026307806398884047,2.7032869766440046
957,0.026316196598363664,2.7061146826865192
958,0.02632487313110827,2.7089423887290343
959,0.02633338017926784,2.7117700947715484
960,0.026341270305030407,2.714597800814063
961,0.026348137170000435,2.717425506856578
962,0.026353591405164946,2.7202532128990926
963,0.0263573591134525,2.723080918941607
964,0.0263592121123519,2.725908624984122
965,0.02635895049736206,2.7287363310266364
966,0.026356401025153183,2.731564037069151
967,0.02635141406906728,2.734391743111666
968,0.026343862467357176,2.7372194491541806
969,0.02633363946362411,2.7400471551966947
970,0.026320663434057184,2.7428748612392098
971,0.026304878579830795,2.7457025672817243
972,0.026286235695122943,2.748530273324239
973,0.02626469416470945,2.7513579793667535
974,0.026240222167311332,2.7541856854092686
975,0.02621285000426815,2.757013391451783
976,0.02618260350769758,2.7598410974942977
977,0.026149635956685725,2.762668803536812
978,0.026114160219157308,2.765496509579327
979,0.026076367363961843,2.7683242156218415
980,0.02603625449660971,2.771151921664356
981,0.025993868542175957,2.7739796277068707
982,0.0259489185202758,2.7768073337493857
983,0.02590094414697853,2.7796350397919003
984,0.02584948877390875,2.782462745834415
985,0.025794100004847165,2.7852904518769295
986,0.025734366266734678,2.7881181579194436
987,0.025669908939672297,2.790945863961959
988,0.02560040526154727,2.7937735700044732
989,0.02552561679045263,2.796601276046988
990,0.025445413540906365,2.7994289820895024
991,0.02535979116929046,2.8022566881320174
992,0.025268888285417283,2.805084394174532
993,0.025172980155302685,2.8079121002170466
994,0.02507248389696234,2.810739806259561
995,0.024967918048403995,2.813567512302076
996,0.024859883083002056,2.816395218344591
997,0.02474903935045929,2.8192229243871054
998,0.02463607394606238,2.82205063042962
999,0.024521671425622345,2.824878336472134
1000,0.024406485793564997,2.8277060425146496
1001,0.024291125094037892,2.8305337485571638
1002,0.02417613529931422,2.8333614545996784
1003,0.024061991305615715,2.836189160642193
1004,0.02394908568432559,2.8390168666847075
1005,0.023837739446873885,2.8418445727272226
1006,0.023728184197683706,2.844672278769737
1007,0.023620569840597894,2.8474999848122517
1008,0.023514986254793206,2.8503276908547663
1009,0.023411471416544347,2.8531553968972814
1010,0.023310019210703074,2.855983102939796
1011,0.02321058833063454,2.8588108089823105
1012,0.023113109434644584,2.8616385150248247
1013,0.02301749313344331,2.8644662210673393
1014,0.022923636872076807,2.8672939271098543
1015,0.022831430687132212,2.870121633152369
1016,0.022740761627861816,2.8729493391948835
1017,0.022651517653788776,2.875777045237398
1018,0.022563596021569068,2.878604751279913
1019,0.02247689965415235,2.8814324573224277
1020,0.022391339901157464,2.8842601633649423
1021,0.022306832835028982,2.887087869407457
1022,0.022223308035833927,2.889915575449971
1023,0.022140708829618896,2.8927432814924865
1024,0.02205899377781662,2.8955709875350006
1025,0.021978136118817777,2.8983986935775152
1026,0.02189812206332162,2.90122639962003
1027,0.021818948951288143,2.904054105662545
1028,0.021740623048347733,2.9068818117050594
1029,0.02166315737571095,2.909709517747574
1030,0.02158656952671753,2.9125372237900886
1031,0.021510879826503432,2.915364929832603
1032,0.021436110366001,2.9181926358751182
1033,0.0213622828374051,2.921020341917633
1034,0.02128941799134716,2.9238480479601474
1035,0.021217534462571987,2.9266757540026616
1036,0.02114664822668259,2.929503460045176
1037,0.021076771319968036,2.932331166087691
1038,0.021007912602269606,2.9351588721302058
1039,0.02094007852236678,2.9379865781727204
1040,0.020873269451957308,2.940814284215235
1041,0.020807487818036978,2.94364199025775
1042,0.02074273354360021,2.9464696963002646
1043,0.020679002663123454,2.949297402342779
1044,0.0206162874067611,2.9521251083852937
1045,0.020554576309063478,2.954952814427808
1046,0.020493854976085697,2.9577805204703234
1047,0.020434105908294135,2.960608226512838
1048,0.020375308659656054,2.963435932555352
1049,0.02031744016685311,2.9662636385978667
1050,0.020260474701737967,2.9690913446403817
1051,0.02020438464962018,2.9719190506828963
1052,0.02014914018470267,2.974746756725411
1053,0.020094709200482036,2.9775744627679255
1054,0.02004105781995493,2.98040216881044
1055,0.019988150711070685,2.983229874852955
1056,0.019935951354329125,2.9860575808954697
1057,0.019884422619670106,2.9888852869379843
1058,0.019833527077483638,2.9917129929804984
1059,0.01978322767970402,2.994540699023014
1060,0.01973348809203627,2.9973684050655285
1061,0.019684272682163072,3.0001961111080426
1062,0.019635547544440978,3.003023817150557
1063,0.019587280655757225,3.005851523193072
1064,0.019539441476177463,3.008679229235587
1065,0.019491999968071137,3.0115069352781014
1066,0.019444928862394344,3.014334641320616
1067,0.019398208606795295,3.0171623473631306
1068,0.019351816454804886,3.0199900534056456
1069,0.019305722567649935,3.0228177594481602
1070,0.019259910227640877,3.025645465490675
1071,0.019214349948894836,3.028473171533189
1072,0.019169010539994324,3.0313008775757035
1073,0.019123862928262212,3.0341285836182186
1074,0.019078879721564752,3.036956289660733
1075,0.019034034758559817,3.0397839957032478
1076,0.018989302555729098,3.0426117017457623
1077,0.01894465833965403,3.0454394077882774
1078,0.01890007793606159,3.048267113830792
1079,0.018855537871188342,3.0510948198733066
1080,0.018811015004281822,3.053922525915821
1081,0.01876648680791608,3.0567502319583357
1082,0.018721931339968582,3.0595779380008508
1083,0.018677327556089522,3.0624056440433653
1084,0.01863265552242486,3.0652333500858795
1085,0.018587896885444943,3.068061056128394
1086,0.018543035151755604,3.070888762170909
1087,0.018498056055773753,3.0737164682134237
1088,0.01845294705109838,3.0765441742559383
1089,0.01840769773513983,3.079371880298453
1090,0.018362300034918205,3.0821995863409675
1091,0.018316748292900108,3.0850272923834825
1092,0.018271038891549542,3.087854998425997
1093,0.0182251699082493,3.0906827044685117
1094,0.018179141239605002,3.093510410511026
1095,0.018132954152937825,3.0963381165535413
1096,0.018086610936663777,3.099165822596056
1097,0.018040114618080545,3.10199352863857
1098,0.01799346882078746,3.1048212346810846
1099,0.01794667689188724,3.107648940723599
1100,0.017899742321665548,3.1104766467661142
1101,0.01785266832134696,3.113304352808629
1102,0.01780545712665726,3.1161320588511434
1103,0.01775811047098193,3.118959764893658
1104,0.01771062953596508,3.1217874709361726
1105,0.01766301477755303,3.1246151769786876
1106,0.01761526680372647,3.127442883021202
1107,0.01756738497015504,3.1302705890637164
1108,0.01751936860536587,3.133098295106231
1109,0.01747121686868894,3.135926001148746
1110,0.01742292850321948,3.1387537071912606
1111,0.01737450207618324,3.141581413233775
1112,0.0173259360883095,3.1444091192762897
1113,0.01727722930951086,3.1472368253188043
1114,0.01722838061031828,3.1500645313613194
1115,0.017179389411578424,3.152892237403834
1116,0.01713025632696766,3.1557199434463485
1117,0.017080981260200124,3.158547649488863
1118,0.017031564456620615,3.161375355531378
1119,0.016982007252661867,3.1642030615738928
1120,0.01693231107762483,3.167030767616407
1121,0.016882477692733246,3.1698584736589215
1122,0.016832509062411925,3.172686179701436
1123,0.016782407114694083,3.175513885743951
1124,0.0167321746049546,3.1783415917864657
1125,0.016681814633564905,3.1811692978289803
1126,0.01663132919652669,3.183997003871495
1127,0.01658071984672875,3.18682470991401
1128,0.016529989219125157,3.1896524159565245
1129,0.01647913701123867,3.192480121999039
1130,0.016428159433335802,3.195307828041553
1131,0.016377051275893086,3.198135534084068
1132,0.01632580253625858,3.2009632401265833
1133,0.01627439106984578,3.2037909461690974
1134,0.016222784321895625,3.206618652211612
1135,0.016170938513732466,3.2094463582541266
1136,0.0161187980024829,3.2122740642966416
1137,0.016066290042544167,3.2151017703391562
1138,0.01601332231613922,3.217929476381671
1139,0.015959771379961497,3.2207571824241854
1140,0.015905474134646345,3.2235848884667
1141,0.015850227396971103,3.226412594509215
1142,0.015793791987853023,3.2292403005517296
1143,0.01573589914889485,3.2320680065942438
1144,0.01567628323526119,3.2348957126367583
1145,0.015614723183784122,3.237723418679274
1146,0.01555108781568649,3.240551124721788
1147,0.01548536528683771,3.2433788307643026
1148,0.015417668915091325,3.246206536806817
1149,0.015348221509107777,3.2490342428493317
1150,0.015277323055480976,3.2518619488918468
1151,0.015205308568207367,3.2546896549343614
1152,0.015132517177376695,3.257517360976876
1153,0.01505926961574387,3.2603450670193905
1154,0.01498586307872073,3.2631727730619056
1155,0.014912568403033481,3.26600047910442
1156,0.01483962805753497,3.2688281851469343
1157,0.014767254926447563,3.271655891189449
1158,0.014695631440989206,3.2744835972319635
1159,0.014624909017420135,3.2773113032744785
1160,0.014555211789273612,3.280139009316993
1161,0.014486637534216943,3.2829667153595077
1162,0.014419254155247441,3.2857944214020223
1163,0.01435310521957354,3.2886221274445373
1164,0.014288211366227238,3.291449833487052
1165,0.014224586925765833,3.2942775395295665
1166,0.014162233640176684,3.297105245572081
1167,0.014101142247626534,3.299932951614595
1168,0.014041296377674796,3.3027606576571107
1169,0.01398267167779535,3.305588363699625
1170,0.013925226227157736,3.3084160697421394
1171,0.013868916980510284,3.311243775784654
1172,0.013813698820357328,3.3140714818271686
1173,0.013759545773755932,3.3168991878696836
1174,0.013706453461446048,3.319726893912198
1175,0.013654440901099208,3.322554599954713
1176,0.013603547666967215,3.3253823059972274
1177,0.013553825368211755,3.3282100120397424
1178,0.013505328042719955,3.331037718082257
1179,0.013458101178844896,3.333865424124771
1180,0.013412169055910219,3.3366931301672857
1181,0.013367527007071767,3.3395208362098003
1182,0.013324146324133979,3.3423485422523154
1183,0.013281978053382396,3.34517624829483
1184,0.01324096390805991,3.3480039543373445
1185,0.01320104919649831,3.350831660379859
1186,0.013162186481467643,3.353659366422374
1187,0.013124334110955722,3.3564870724648888
1188,0.01308745513863205,3.3593147785074033
1189,0.013051514762965141,3.362142484549918
1190,0.013016477348362704,3.364970190592432
1191,0.0129823042266844,3.3677978966349476
1192,0.012948953692894683,3.3706256026774617
1193,0.012916384722453473,3.3734533087199763
1194,0.012884556237154593,3.376281014762491
1195,0.0128534270686777,3.379108720805006
1196,0.012822956292928421,3.3819364268475205
1197,0.012793103475562248,3.384764132890035
1198,0.012763834283828143,3.3875918389325497
1199,0.012735120924501069,3.3904195449750643
1200,0.012706943689649827,3.3932472510175793
1201,0.012679291074741195,3.396074957060094
1202,0.012652159888873988,3.3989026631026085
1203,0.012625555114228713,3.4017303691451226
1204,0.01259948940040688,3.404558075187638
1205,0.01257398239023553,3.4073857812301522
1206,0.012549060152927513,3.410213487272667
1207,0.012524754557646508,3.4130411933151814
1208,0.012501102683510184,3.415868899357696
1209,0.012478144582024417,3.418696605400211
1210,0.012455924308207635,3.4215243114427256
1211,0.012434488468393616,3.42435201748524
1212,0.012413885301195745,3.427179723527755
1213,0.012394164775093237,3.43000742957027
1214,0.012375376767839704,3.4328351356127844
1215,0.012357570374824047,3.4356628416552986
1216,0.012340791721902564,3.438490547697813
1217,0.012325084890520976,3.4413182537403277
1218,0.012310492024033483,3.4441459597828428
1219,0.012297045189399735,3.4469736658253574
1220,0.01228477089338955,3.449801371867872
1221,0.012273678936331888,3.4526290779103865
1222,0.012263772244709209,3.4554567839529016
1223,0.01225504015199232,3.458284489995416
1224,0.012247459437429376,3.4611121960379307
1225,0.012240995554854259,3.4639399020804453
1226,0.012235601999290616,3.4667676081229595
1227,0.01223121984765178,3.469595314165475
1228,0.012227777679236764,3.472423020207989
1229,0.012225191834436015,3.4752507262505037
1230,0.012223367233138925,3.4780784322930183
1231,0.01222219836688923,3.4809061383355333
1232,0.01222157102589214,3.483733844378048
1233,0.012221364258523234,3.4865615504205625
1234,0.012221452684770226,3.489389256463077
1235,0.012221708893586246,3.4922169625055917
1236,0.01222200634842886,3.4950446685481067
1237,0.012222221572486574,3.4978723745906213
1238,0.012222236990422056,3.500700080633136
1239,0.012221942957334548,3.50352778667565
1240,0.012221239971197211,3.5063554927181646
1241,0.012220040153745318,3.5091831987606796
1242,0.012218268339544291,3.5120109048031942
1243,0.01221586304862049,3.514838610845709
1244,0.01221277516225054,3.5176663168882234
1245,0.012208964901131887,3.5204940229307384
1246,0.01220440913879384,3.523321728973253
1247,0.012199092331538437,3.5261494350157676
1248,0.012193014770106488,3.528977141058282
1249,0.012186186296137661,3.5318048471007963
1250,0.012178610205067891,3.534632553143312
1251,0.012170297848810088,3.537460259185826
1252,0.012161268034694571,3.5402879652283405
1253,0.01215155447015179,3.543115671270855
1254,0.012141219538424296,3.54594337731337
1255,0.012130340628724312,3.5487710833558848
1256,0.012119010595171628,3.5515987893983993
1257,0.01210731221117795,3.554426495440914
1258,0.012095307729686354,3.5572542014834285
1259,0.012083042549105466,3.5600819075259436
1260,0.012070508081860307,3.562909613568458
1261,0.012057623965778034,3.5657373196109727
1262,0.012044297703628408,3.568565025653487
1263,0.012030431469409656,3.5713927316960024
1264,0.012015927237637784,3.5742204377385165
1265,0.01200069356169841,3.577048143781031
1266,0.011984648969818636,3.5798758498235457
1267,0.011967726577014214,3.5827035558660603
1268,0.011949871347510965,3.5855312619085753
1269,0.011931042484562972,3.58835896795109
1270,0.011911221696504716,3.5911866739936045
1271,0.011890412390917739,3.594014380036119
1272,0.011868642482323293,3.596842086078634
1273,0.011845964611795712,3.5996697921211487
1274,0.011822454420924932,3.6024974981636633
1275,0.011798207651717843,3.6053252042061774
1276,0.011773336180341121,3.608152910248692
1277,0.011747963420532121,3.610980616291207
1278,0.01172221937914949,3.6138083223337216
1279,0.011696235743985728,3.616636028376236
1280,0.011670141257831813,3.619463734418751
1281,0.011644057653121187,3.622291440461266
1282,0.011618096270838006,3.6251191465037804
1283,0.011592355450109035,3.627946852546295
1284,0.011566918654919068,3.6307745585888096
1285,0.011541853476874296,3.6336022646313237
1286,0.01151721120163499,3.636429970673839
1287,0.011493027005637466,3.639257676716354
1288,0.011469320642911517,3.642085382758868
1289,0.011446097502525758,3.6449130888013825
1290,0.011423349943920951,3.6477407948438976
1291,0.011401058735638023,3.650568500886412
1292,0.011379194884470801,3.6533962069289267
1293,0.011357721229482688,3.6562239129714413
1294,0.011336594186752308,3.659051619013956
1295,0.011315765214903675,3.661879325056471
1296,0.011295182425704814,3.6647070310989855
1297,0.0112747917560425,3.6675347371415
1298,0.0112545385699364,3.6703624431840143
1299,0.011234368269860524,3.673190149226529
1300,0.011214227675692353,3.676017855269044
1301,0.011194065472015034,3.6788455613115585
1302,0.011173833445590383,3.681673267354073
1303,0.011153487039971833,3.6845009733965877
1304,0.011132985380161803,3.6873286794391027
1305,0.011112290736491599,3.6901563854816173
1306,0.011091369752855509,3.692984091524132
1307,0.01107019364806725,3.6958117975666465
1308,0.01104874190896547,3.698639503609161
1309,0.011026996231079557,3.701467209651676
1310,0.011004941815959925,3.7042949156941907
1311,0.010982563569035271,3.707122621736705
1312,0.010959850257292647,3.7099503277792194
1313,0.010936793736036033,3.7127780338217344
1314,0.010913389035740375,3.715605739864249
1315,0.010889635025019457,3.7184334459067636
1316,0.01086553396533542,3.721261151949278
1317,0.01084109093791367,3.724088857991793
1318,0.010816313740705887,3.726916564034308
1319,0.01079121254091747,3.7297442700768224
1320,0.01076579943967102,3.732571976119337
1321,0.010740088029769267,3.735399682161851
1322,0.010714092914484602,3.7382273882043666
1323,0.01068782940901169,3.741055094246881
1324,0.010661313281547133,3.7438828002893954
1325,0.010634560678234777,3.74671050633191
1326,0.010607587797893286,3.7495382123744245
1327,0.010580410728464953,3.7523659184169396
1328,0.010553045343752723,3.755193624459454
1329,0.010525507215247172,3.7580213305019687
1330,0.010497811804988369,3.7608490365444833
1331,0.010469974332242907,3.7636767425869984
1332,0.010442009506238942,3.766504448629513
1333,0.010413931555307855,3.7693321546720275
1334,0.010385754277618597,3.7721598607145417
1335,0.010357490849232006,3.7749875667570563
1336,0.010329155623689095,3.7778152727995713
1337,0.010300762125952483,3.780642978842086
1338,0.010272322405000457,3.7834706848846005
1339,0.010243848273467058,3.786298390927115
1340,0.010215351413791146,3.78912609696963
1341,0.010186842026590192,3.7919538030121447
1342,0.01015832883762483,3.7947815090546593
1343,0.010129820619579889,3.797609215097174
1344,0.01010132622163039,3.8004369211396885
1345,0.010072854542689025,3.8032646271822035
1346,0.010044414487151975,3.806092333224718
1347,0.010016014918319646,3.808920039267232
1348,0.00998766462156172,3.811747745309747
1349,0.009959372230068982,3.814575451352262
1350,0.009931146268101375,3.8174031573947764
1351,0.00990299505564048,3.820230863437291
1352,0.009874926743656245,3.8230585694798056
1353,0.009846949295069407,3.82588627552232
1354,0.009819070467312532,3.8287139815648352
1355,0.009791297843952105,3.83154168760735
1356,0.00976363881644812,3.8343693936498644
1357,0.009736100606716161,3.8371970996923785
1358,0.009708690340365651,3.840024805734894
1359,0.009681415061932756,3.8428525117774086
1360,0.009654281745039133,3.8456802178199228
1361,0.009627297360536635,3.8485079238624373
1362,0.009600468880851667,3.851335629904952
1363,0.00957380337064881,3.854163335947467
1364,0.009547307927516008,3.8569910419899816
1365,0.009520989676973946,3.859818748032496
1366,0.009494855905502303,3.8626464540750107
1367,0.009468913960016524,3.8654741601175253
1368,0.009443171176918026,3.8683018661600403
1369,0.009417634849307814,3.871129572202555
1370,0.009392312129586033,3.873957278245069
1371,0.009367210080365175,3.8767849842875837
1372,0.009342335542058735,3.879612690330099
1373,0.00931769508404053,3.8824403963726133
1374,0.009293294943361237,3.885268102415128
1375,0.009269140990850744,3.8880958084576425
1376,0.009245238602790425,3.890923514500157
1377,0.009221592709562146,3.893751220542672
1378,0.009198207711627675,3.8965789265851867
1379,0.009175087498542314,3.8994066326277013
1380,0.009152235384499606,3.902234338670216
1381,0.00912965414401741,3.905062044712731
1382,0.00910734604175922,3.9078897507552455
1383,0.00908531286454398,3.9107174567977596
1384,0.009063555944009564,3.913545162840274
1385,0.009042076186751777,3.916372868882789
1386,0.009020874032832535,3.919200574925304
1387,0.008999949753182829,3.9220282809678184
1388,0.008979303453541067,3.924855987010333
1389,0.008958935490470653,3.9276836930528476
1390,0.008938845836564215,3.9305113990953626
1391,0.008919034603496623,3.933339105137877
1392,0.008899502306868104,3.936166811180392
1393,0.008880250125010094,3.9389945172229064
1394,0.00886127862974545,3.9418222232654205
1395,0.008842586955035894,3.944649929307936
1396,0.008824172618352702,3.94747763535045
1397,0.008806031412556602,3.9503053413929647
1398,0.008788157683969542,3.9531330474354793
1399,0.008770544374942683,3.9559607534779944
1400,0.00875318371599394,3.958788459520509
1401,0.008736068259734149,3.9616161655630235
1402,0.00871918926710723,3.964443871605538
1403,0.008702541046998602,3.9672715776480527
1404,0.008686119664499406,3.9700992836905677
1405,0.008669923210879166,3.9729269897330823
1406,0.008653949533694857,3.9757546957755965
1407,0.008638197234755961,3.978582401818111
1408,0.00862266390345812,3.9814101078606265
1409,0.008607347336084507,3.9842378139031407
1410,0.008592245027678375,3.9870655199456553
1411,0.008577354164930252,3.98989322598817
1412,0.00856267164382336,3.9927209320306845
1413,0.008548194265869507,3.9955486380731995
1414,0.00853391860369256,3.998376344115714
1415,0.00851984109947338,4.001204050158228
1416,0.008505958281693081,4.004031756200743
1417,0.008492266585944595,4.006859462243258
1418,0.00847876235330369,4.009687168285772
1419,0.00846544200456231,4.0125148743282875
1420,0.008452301808339287,4.015342580370802
1421,0.008439337918857748,4.018170286413317
1422,0.00842654656400306,4.020997992455832
1423,0.008413924132298632,4.023825698498346
1424,0.008401466911374772,4.02665340454086
1425,0.008389171094625995,4.029481110583375
1426,0.008377032930227074,4.03230881662589
1427,0.008365048758973292,4.035136522668404
1428,0.008353214904242548,4.037964228710919
1429,0.008341527659825642,4.040791934753433
1430,0.008329983486700837,4.043619640795948
1431,0.008318578792253265,4.046447346838463
1432,0.008307310031036554,4.0492750528809776
1433,0.008296173711785782,4.052102758923493
1434,0.008285166411708369,4.054930464966007
1435,0.008274284845258852,4.057758171008521
1436,0.00826352568249111,4.060585877051037
1437,0.008252885671015791,4.063413583093551
1438,0.008242361582594022,4.066241289136065
1439,0.008231950164636074,4.06906899517858
1440,0.008221648168645927,4.071896701221095
1441,0.008211452327335226,4.074724407263609
1442,0.008201359297158352,4.077552113306124
1443,0.008191365716392047,4.0803798193486385
1444,0.008181467980789559,4.0832075253911535
1445,0.008171662392239291,4.0860352314336685
1446,0.00816194519055543,4.088862937476183
1447,0.008152312495921623,4.091690643518698
1448,0.008142760241382354,4.094518349561212
1449,0.008133284280639162,4.097346055603727
1450,0.008123880241084437,4.100173761646241
1451,0.008114543600313034,4.103001467688756
1452,0.008105269697626946,4.10582917373127
1453,0.008096053672920574,4.108656879773785
1454,0.008086890591891159,4.1114845858163
1455,0.008077775196396436,4.114312291858814
1456,0.008068702079777954,4.1171399979013295
1457,0.008059665655047166,4.119967703943844
1458,0.00805066015780743,4.122795409986359
1459,0.0080416794838471,4.125623116028874
1460,0.008032717347494025,4.128450822071388
1461,0.008023767172269908,4.131278528113902
1462,0.008014822371843623,4.134106234156417
1463,0.00800587595174117,4.136933940198932
1464,0.00799692059206859,4.139761646241446
1465,0.007987948703460174,4.142589352283961
1466,0.00797895235346797,4.145417058326475
1467,0.007969923632126619,4.14824476436899
1468,0.007960854589499293,4.151072470411505
1469,0.00795173702081946,4.1539001764540195
1470,0.007942562457944833,4.156727882496535
1471,0.007933321521126344,4.159555588539049
1472,0.007924004786646963,4.162383294581564
1473,0.007914604215796083,4.165211000624078
1474,0.007905112831986855,4.168038706666593
1475,0.007895523469683982,4.170866412709107
1476,0.007885828320431028,4.173694118751622
1477,0.007876020196784158,4.176521824794137
1478,0.00786609006782018,4.179349530836651
1479,0.007856030364471219,4.182177236879166
1480,0.007845832788408322,4.1850049429216805
1481,0.007835491537290455,4.1878326489641955
1482,0.007824996682603513,4.1906603550067105
1483,0.007814337219058802,4.193488061049225
1484,0.0078035025890451455,4.196315767091739
1485,0.007792482650222552,4.199143473134255
1486,0.0077812675250779045,4.201971179176769
1487,0.007769847551272246,4.204798885219283
1488,0.007758213308122818,4.207626591261798
1489,0.007746355786816097,4.210454297304312
1490,0.007734266908898558,4.213282003346827
1491,0.007721938824215544,4.216109709389342
1492,0.0077093639447557505,4.218937415431856
1493,0.007696535431263461,4.221765121474371
1494,0.007683446728742799,4.2245928275168865
1495,0.007670092596513564,4.227420533559401
1496,0.0076564690475707485,4.230248239601916
1497,0.007642573761448126,4.23307594564443
1498,0.0076284068782929764,4.235903651686944
1499,0.007613970533413167,4.238731357729459
1500,0.007599268948961523,4.241559063771974
1501,0.0075843078649586865,4.244386769814488
1502,0.007569092179702639,4.247214475857003
1503,0.007553624462309759,4.250042181899517
1504,0.007537904759033178,4.252869887942032
1505,0.007521927535762918,4.255697593984547
1506,0.007505683688639166,4.2585253000270615
1507,0.00748916215166619,4.261353006069576
1508,0.007472351335808893,4.264180712112092
1509,0.007455239812535376,4.267008418154606
1510,0.007437816934609123,4.26983612419712
1511,0.0074200731597083664,4.272663830239635
1512,0.007402000484548845,4.275491536282149
1513,0.007383593120378359,4.278319242324664
1514,0.007364848494682844,4.281146948367179
1515,0.007345764669345693,4.283974654409693
1516,0.007326347821546863,4.286802360452208
1517,0.007306611410570645,4.289630066494723
1518,0.007286573253498975,4.2924577725372375
1519,0.007266252238883746,4.2952854785797525
1520,0.007245668790446996,4.298113184622267
1521,0.007224842937736666,4.300940890664781
1522,0.007203794258478555,4.303768596707296
1523,0.007182541406546731,4.306596302749811
1524,0.007161101617532527,4.309424008792325
1525,0.0071394902106521035,4.31225171483484
1526,0.007117721488966444,4.315079420877355
1527,0.007095811191287641,4.317907126919869
1528,0.00707377296548578,4.320734832962384
1529,0.007051617765375624,4.323562539004898
1530,0.007029355262033298,4.3263902450474125
1531,0.00700699491410155,4.3292179510899285
1532,0.0069845450468449645,4.332045657132443
1533,0.006962013764769165,4.334873363174957
1534,0.006939409176860573,4.337701069217472
1535,0.0069167392361605936,4.340528775259987
1536,0.006894011217726376,4.343356481302501
1537,0.006871231894054688,4.346184187345016
1538,0.006848407701747891,4.34901189338753
1539,0.006825544721948728,4.351839599430045
1540,0.006802648853085292,4.35466730547256
1541,0.00677972560563418,4.357495011515074
1542,0.006756780293843881,4.360322717557589
1543,0.006733818014546239,4.3631504236001035
1544,0.0067108435145454455,4.3659781296426186
1545,0.006687861769086285,4.368805835685133
1546,0.00666487780934613,4.371633541727648
1547,0.006641895670508813,4.374461247770162
1548,0.006618919999572896,4.377288953812677
1549,0.006595955267761187,4.380116659855192
1550,0.0065730047167987336,4.382944365897706
1551,0.006550072917855653,4.385772071940221
1552,0.006527163863518066,4.388599777982735
1553,0.006504279885753562,4.39142748402525
1554,0.006481421614263923,4.394255190067765
1555,0.006458587225340778,4.3970828961102795
1556,0.00643577139698659,4.399910602152794
1557,0.006412964480201235,4.402738308195309
1558,0.006390151319720355,4.405566014237824
1559,0.006367310311902664,4.408393720280338
1560,0.006344412741493457,4.411221426322853
1561,0.006321422630048927,4.414049132365367
1562,0.0062982974120595146,4.416876838407882
1563,0.006274989678944506,4.419704544450397
1564,0.006251449960748503,4.422532250492911
1565,0.0062276303136540485,4.425359956535426
1566,0.006203488325889357,4.42818766257794
1567,0.006178990735959108,4.431015368620455
1568,0.006154116824936518,4.4338430746629705
1569,0.006128860017321146,4.436670780705485
1570,0.006103229093919462,4.439498486747999
1571,0.006077246007316489,4.442326192790514
1572,0.006050941681764101,4.445153898833029
1573,0.006024352995137915,4.447981604875543
1574,0.0059975211339974846,4.450809310918058
1575,0.005970489500636274,4.453637016960572
1576,0.005943302268090929,4.456464723003087
1577,0.005916003440266428,4.459292429045602
1578,0.005888636085167296,4.462120135088116
1579,0.005861241768753867,4.4649478411306305
1580,0.0058338600953678895,4.4677755471731455
1581,0.005806528392424722,4.4706032532156605
1582,0.005779281468182172,4.473430959258175
1583,0.005752151446359883,4.47625866530069
1584,0.005725167653401189,4.479086371343204
1585,0.005698356602215876,4.481914077385719
1586,0.005671742003406988,4.484741783428234
1587,0.005645344811109552,4.487569489470748
1588,0.0056191833416156705,4.490397195513263
1589,0.005593273403097604,4.493224901555777
1590,0.005567628420135007,4.496052607598292
1591,0.005542259585609065,4.498880313640807
1592,0.005517176043322164,4.5017080196833215
1593,0.0054923850987052235,4.504535725725836
1594,0.005467892449769994,4.507363431768351
1595,0.005443702333836969,4.510191137810866
1596,0.0054198176617643755,4.51301884385338
1597,0.005396240205855103,4.515846549895895
1598,0.005372970785746188,4.518674255938409
1599,0.005350009390813071,4.521501961980924
1600,0.005327355525833343,4.524329668023439
1601,0.0053050078521185385,4.527157374065953
1602,0.005282963980256125,4.529985080108468
1603,0.005261219954250459,4.532812786150983
1604,0.005239770297042332,4.535640492193497
1605,0.005218610075490659,4.5384681982360116
1606,0.005197735615582148,4.541295904278527
1607,0.00517714507499448,4.544123610321041
1608,0.005156838918641024,4.546951316363556
1609,0.005136820133124435,4.549779022406071
1610,0.005117094188079286,4.552606728448585
1611,0.005097668605817011,4.5554344344911
1612,0.005078552482270284,4.558262140533615
1613,0.0050597556190173955,4.561089846576129
1614,0.005041287844275736,4.563917552618644
1615,0.0050231577348777735,4.566745258661158
1616,0.005005372322179361,4.5695729647036725
1617,0.004987934610362538,4.572400670746188
1618,0.004970843257694534,4.5752283767887025
1619,0.004954092424174948,4.578056082831217
1620,0.004937672216651362,4.580883788873732
1621,0.004921569958598804,4.583711494916247
1622,0.004905772112997542,4.586539200958761
1623,0.0048902648386708325,4.589366907001276
1624,0.004875033952352862,4.59219461304379
1625,0.004860065670642387,4.595022319086305
1626,0.004845346862409801,4.59785002512882
1627,0.004830865538306556,4.600677731171334
1628,0.0048166109720584995,4.603505437213848
1629,0.004802573872835813,4.6063331432563634
1630,0.004788746465952487,4.6091608492988785
1631,0.00477512225588817,4.611988555341393
1632,0.0047616957985382935,4.614816261383908
1633,0.0047484624527301756,4.617643967426422
1634,0.004735418147073662,4.620471673468937
1635,0.00472255942623573,4.623299379511452
1636,0.004709883534185843,4.626127085553966
1637,0.004697388284185981,4.628954791596481
1638,0.004685072202400404,4.631782497638995
1639,0.004672934948643511,4.634610203681509
1640,0.0046609771520516275,4.637437909724025
1641,0.004649200639196015,4.640265615766539
1642,0.004637608519171405,4.6430933218090535
1643,0.0046262053510850035,4.645921027851569
1644,0.004614996940071971,4.648748733894084
1645,0.00460399004751153,4.651576439936598
1646,0.004593191899322057,4.654404145979113
1647,0.0045826099172109076,4.657231852021627
1648,0.004572250461820856,4.660059558064142
1649,0.004562117912229407,4.662887264106657
1650,0.004552214059537288,4.665714970149171
1651,0.004542537921971285,4.668542676191685
1652,0.004533085487187946,4.6713703822342
1653,0.0045238498616743394,4.674198088276715
1654,0.004514821743273486,4.6770257943192295
1655,0.004505990096836591,4.6798535003617445
1656,0.004497342926516541,4.682681206404259
1657,0.0044888680595045905,4.685508912446774
1658,0.004480553890816755,4.688336618489289
1659,0.004472390058501289,4.691164324531803
1660,0.004464367934173681,4.693992030574318
1661,0.0044564808452921024,4.696819736616832
1662,0.004448724176535175,4.699647442659347
1663,0.004441095378224584,4.702475148701862
1664,0.004433593916609219,4.705302854744376
1665,0.004426221193791504,4.70813056078689
1666,0.004418980431040372,4.710958266829405
1667,0.004411876609937434,4.7137859728719205
1668,0.004404916269228045,4.716613678914435
1669,0.004398107396838481,4.71944138495695
1670,0.0043914592259131965,4.722269090999464
1671,0.004384982053641127,4.725096797041979
1672,0.004378687091737636,4.727924503084494
1673,0.004372586203305379,4.730752209127008
1674,0.0043666917877066246,4.733579915169523
1675,0.004361016497281571,4.736407621212037
1676,0.004355572420090521,4.739235327254552
1677,0.0043503716684557886,4.742063033297066
1678,0.004345425624479495,4.744890739339581
1679,0.004340745532885023,4.7477184453820955
1680,0.0043363411101921935,4.750546151424611
1681,0.004332219039261924,4.753373857467126
1682,0.004328385705029148,4.75620156350964
1683,0.00432484640856726,4.759029269552155
1684,0.004321606270232179,4.761856975594669
1685,0.00431866825349733,4.764684681637184
1686,0.004316033908174125,4.767512387679699
1687,0.004313701524845465,4.770340093722213
1688,0.004311666420859688,4.773167799764727
1689,0.004309920630349263,4.775995505807243
1690,0.004308453084882829,4.778823211849757
1691,0.00430724940572468,4.7816509178922715
1692,0.004306293500931222,4.7844786239347865
1693,0.004305566749955819,4.787306329977301
1694,0.0043050486268093775,4.790134036019816
1695,0.004304717063523076,4.792961742062331
1696,0.004304548713468133,4.795789448104845
1697,0.00430451966295068,4.79861715414736
1698,0.0043046048168705105,4.801444860189874
1699,0.004304779467608504,4.804272566232389
1700,0.004305019341404224,4.807100272274903
1701,0.004305300696514002,4.809927978317418
1702,0.004305600731395599,4.812755684359932
1703,0.004305897345599518,4.815583390402447
1704,0.004306169262794684,4.8184110964449625
1705,0.004306396706942128,4.821238802487477
1706,0.004306562153847404,4.824066508529992
1707,0.004306649903606248,4.826894214572506
1708,0.004306646463742456,4.829721920615021
1709,0.004306540196077932,4.832549626657536
1710,0.004306322609657915,4.83537733270005
1711,0.004305984771699635,4.838205038742564
1712,0.004305515338221688,4.84103274478508
1713,0.004304903414273224,4.843860450827594
1714,0.0043041450114400595,4.846688156870108
1715,0.0043032407100532305,4.849515862912623
1716,0.004302192999906073,4.8523435689551375
1717,0.004301008704126968,4.8551712749976526
1718,0.004299695599720249,4.857998981040168
1719,0.004298260436505133,4.860826687082682
1720,0.004296716295699398,4.863654393125197
1721,0.004295079798956758,4.866482099167712
1722,0.004293370631499988,4.869309805210226
1723,0.004291600426971536,4.872137511252741
1724,0.0042897776082253996,4.874965217295255
1725,0.0042879086714692465,4.877792923337769
1726,0.004285994423651889,4.880620629380284
1727,0.004284035218941087,4.883448335422799
1728,0.004282030459652989,4.8862760414653135
1729,0.004279977974022238,4.8891037475078285
1730,0.004277875319618433,4.8919314535503435
1731,0.004275720368613758,4.894759159592858
1732,0.004273511350137968,4.897586865635373
1733,0.004271247660658709,4.900414571677887
1734,0.0042689298896010875,4.903242277720401
1735,0.0042665597017825865,4.906069983762917
1736,0.004264139865652337,4.908897689805431
1737,0.004261674637515328,4.911725395847945
1738,0.0042591687142043465,4.91455310189046
1739,0.004256627484291134,4.917380807932975
1740,0.004254014291817984,4.920208513975489
1741,0.004251427021740421,4.9230362200180044
1742,0.004248824861659221,4.925863926060519
1743,0.0042462158685042965,4.928691632103034
1744,0.004243607708644614,4.931519338145549
1745,0.0042410086603270935,4.934347044188063
1746,0.004238427184265449,4.937174750230578
1747,0.00423587171434166,4.940002456273092
1748,0.004233350570149958,4.942830162315607
1749,0.004230871894213979,4.945657868358121
1750,0.0042284434249086405,4.948485574400636
1751,0.0042260723364264865,4.95131328044315
1752,0.0042237651492931395,4.954140986485665
1753,0.004221527599634362,4.95696869252818
1754,0.004219364579556667,4.9597963985706945
1755,0.004217280093245626,4.96262410461321
1756,0.004215277256344785,4.965451810655724
1757,0.004213360207230801,4.968279516698239
1758,0.004211530166876299,4.971107222740754
1759,0.004209787658177648,4.973934928783268
1760,0.004208132370257724,4.976762634825782
1761,0.004206562306247548,4.979590340868297
1762,0.004205075240169251,4.982418046910812
1763,0.004203668291217251,4.985245752953326
1764,0.004202337999185571,4.988073458995841
1765,0.004201080426885167,4.9909011650383555
1766,0.004199891115892487,4.9937288710808705
1767,0.00419876519322732,4.9965565771233855
1768,0.004197697471056126,4.9993842831659
