,mass_fraction,time
0,0.0,0.0
1,8.140814974992692e-74,0.000546138
2,3.879918061491341e-67,0.001092276
3,3.6401539495162835e-66,0.001638414
4,7.37108385311044e-65,0.002184552
5,1.28184025119736e-63,0.00273069
6,2.132497997622862e-62,0.003276828
7,2.50975507409406e-61,0.003822966
8,2.62679457774958e-60,0.004369104
9,3.23933316834536e-59,0.004915242
10,4.4838284761145324e-58,0.00546138
11,1.0581200509853298e-56,0.006007518
12,6.084466258158029e-56,0.006553656
13,4.4180820857753716e-55,0.007099794
14,1.756935241861843e-53,0.007645932
15,1.66836652472379e-53,0.00819207
16,1.435202209038816e-52,0.008738208
17,2.07567091304805e-51,0.009284346
18,2.989121643536385e-50,0.009830484
19,3.913071945242723e-49,0.010376622
20,4.772261652607514e-48,0.01092276
21,4.473030115483824e-47,0.011468898
22,3.458048660896513e-46,0.012015036
23,2.272980595622229e-45,0.012561174
24,1.31634279267723e-44,0.013107312
25,7.224163507714492e-44,0.01365345
26,3.6657064421404956e-43,0.014199588
27,1.6124345307738318e-42,0.014745726
28,1.060149490553885e-41,0.015291864
29,2.1322171853081358e-41,0.015838002
30,6.869677955767133e-41,0.01638414
31,2.3949771122908397e-40,0.016930278
32,7.082775723112647e-40,0.017476416
33,1.64664200843805e-39,0.018022554
34,1.895264861218907e-38,0.018568692
35,3.869522285964684e-38,0.01911483
36,1.167596231288262e-37,0.019660968
37,2.830015179843959e-37,0.020207106
38,8.590679575916495e-37,0.020753244
39,9.945609445768788e-37,0.021299382
40,2.552887618955723e-36,0.02184552
41,7.607715542117874e-36,0.022391658
42,4.617196319971e-35,0.022937796
43,1.549784713854643e-34,0.023483934
44,5.556905233386477e-34,0.024030072
45,2.124623320789913e-33,0.02457621
46,8.312125704585001e-33,0.025122348
47,3.269715210805134e-32,0.025668486
48,1.273235783251711e-31,0.026214624
49,4.899761229758619e-31,0.026760762
50,1.848950197933881e-30,0.0273069
51,6.832654208428055e-30,0.027853038
52,2.4716531570365007e-29,0.028399176
53,8.753333117425756e-29,0.028945314
54,3.035502440486431e-28,0.029491452
55,1.031114133352123e-27,0.03003759
56,3.432111332150504e-27,0.030583728
57,1.119838385189423e-26,0.031129866
58,3.582994772755589e-26,0.031676004
59,1.124572341856778e-25,0.032222142
60,3.463600121347e-25,0.03276828
61,1.047156346152513e-24,0.033314418
62,3.108698159140398e-24,0.033860556
63,9.064931068829596e-24,0.034406694
64,2.597174575964725e-23,0.034952832
65,7.313353035291093e-23,0.03549897
66,2.024581542123292e-22,0.036045108
67,5.511611786268436e-22,0.036591246
68,1.4759272193874101e-21,0.037137384
69,3.88874571579118e-21,0.037683522
70,1.008381173137975e-20,0.03822966
71,2.5740665316548172e-20,0.038775798
72,6.469956413257787e-20,0.039321936
73,1.6016747196047241e-19,0.039868074
74,3.906078833583467e-19,0.040414212
75,9.386441997393345e-19,0.04096035
76,2.223059313391865e-18,0.041506488
77,5.190224745016549e-18,0.042052626
78,1.1948116432312489e-17,0.042598764
79,2.712577757197052e-17,0.043144902
80,6.074691956703383e-17,0.04369104
81,1.342190550509784e-16,0.044237178
82,2.926438924747346e-16,0.044783316
83,6.297771070811177e-16,0.045329454
84,1.3379586808223589e-15,0.045875592
85,2.8066818029915303e-15,0.04642173
86,5.814666456926783e-15,0.046967868
87,1.1899392180248792e-14,0.047514006
88,2.4059212217861613e-14,0.048060144
89,4.8071131499229604e-14,0.048606282
90,9.493435762902025e-14,0.04915242
91,1.853468710908855e-13,0.049698558
92,3.57798937071481e-13,0.050244696
93,6.82970578806687e-13,0.050790834
94,1.2887824240083099e-12,0.051336972
95,2.402892588385668e-12,0.05188311
96,4.4239904839598426e-12,0.052429248
97,8.042190077724514e-12,0.052975386
98,1.4440149141288899e-11,0.053521524
99,2.5622650890303e-11,0.054067662
100,4.4950801362397437e-11,0.0546138
101,7.799569345492749e-11,0.055159938
102,1.338894387775287e-10,0.055706076
103,2.2743603727753817e-10,0.056252214
104,3.8236944456584226e-10,0.056798352
105,6.363287540893383e-10,0.05734449
106,1.048359879279231e-09,0.057890628
107,1.7100951864155011e-09,0.058436766
108,2.7622211548624542e-09,0.058982904
109,4.418463242453313e-09,0.059529042
110,7.000095166905741e-09,0.06007518
111,1.098500557668184e-08,0.060621318
112,1.7076791712756223e-08,0.061167456
113,2.6300999707608444e-08,0.061713594
114,4.013748896553437e-08,0.062259732
115,6.070020974614498e-08,0.06280587
116,9.097858185759984e-08,0.063352008
117,1.351578928942436e-07,0.063898146
118,1.990395257868085e-07,0.064444284
119,2.905854485812554e-07,0.064990422
120,4.206151035384299e-07,0.06553656
121,6.036867813642564e-07,0.066082698
122,8.592028177055106e-07,0.066628836
123,1.212765294351334e-06,0.067174974
124,1.697832360564429e-06,0.067721112
125,2.357695859086276e-06,0.06826725
126,3.247852140741363e-06,0.068813388
127,4.438755453119923e-06,0.069359526
128,6.019002850664589e-06,0.069905664
129,8.098890798620517e-06,0.070451802
130,1.081437134060151e-05,0.07099794
131,1.433136327005795e-05,0.071544078
132,1.885035122410365e-05,0.072090216
133,2.461128776059265e-05,0.072636354
134,3.18984208266056e-05,0.073182492
135,4.104504064511491e-05,0.07372863
136,5.243777442099727e-05,0.074274768
137,6.652024996783309e-05,0.074820906
138,8.379590807381405e-05,0.075367044
139,0.0001048297049371,0.075913182
140,0.0001302487479664,0.07645932
141,0.0001607405356524,0.077005458
142,0.0001970494373626,0.077551596
143,0.0002399704099622,0.078097734
144,0.000290340222522,0.078643872
145,0.000349026110232,0.07919001
146,0.0004169116886802,0.079736148
147,0.000494880173664,0.080282286
148,0.000583795109958,0.080828424
149,0.0006844789465254,0.081374562
150,0.000797689908242,0.0819207
151,0.0009240977602248,0.082466838
152,0.0010642591601965,0.083012976
153,0.0012185933754191,0.083559114
154,0.0013873592044215,0.084105252
155,0.0015706339622557,0.08465139
156,0.0017682953333091,0.085197528
157,0.0019800069556402,0.085743666
158,0.0022052084003637,0.086289804
159,0.0024431102291434,0.086835942
160,0.002692694524579,0.08738208
161,0.0029527210228487,0.087928218
162,0.003221738465739,0.088474356
163,0.0034981005679548,0.089020494
164,0.0037799853569483,0.089566632
165,0.004065416241346,0.09011277
166,0.0043522857166315,0.090658908
167,0.0046383830797607,0.091205046
168,0.0049214630421726,0.091751184
169,0.0051994106900433,0.092297322
170,0.0054703584818498,0.09284346
171,0.0057322452844902,0.093389598
172,0.0059830769931392,0.093935736
173,0.0062212147514343,0.094481874
174,0.00644549384106,0.095028012
175,0.0066548083989446,0.09557415
176,0.0068479402713214,0.096120288
177,0.0070239898544236,0.096666426
178,0.0071824682445677,0.097212564
179,0.0073230408976966,0.097758702
180,0.00744515757806,0.09830484
181,0.0075488686095806,0.098850978
182,0.0076345803764395,0.099397116
183,0.0077028842811899,0.099943254
184,0.0077542096340863,0.100489392
185,0.0077891255403951,0.10103553
186,0.0078083299599436,0.101581668
187,0.0078128917715439,0.102127806
188,0.007804174536454,0.102673944
189,0.007783443052828,0.103220082
190,0.0077515214161797,0.10376622
191,0.0077091153695691,0.104312358
192,0.007657212614238,0.104858496
193,0.0075971072476346,0.105404634
194,0.0075300786728154,0.105950772
195,0.0074572325792139,0.10649691
196,0.0073795727314051,0.107043048
197,0.0072978226865173,0.107589186
198,0.0072125226504291,0.108135324
199,0.0071241632001098,0.108681462
200,0.0070333102160523,0.1092276
201,0.0069405775586152,0.109773738
202,0.0068466420213369,0.110319876
203,0.006752319934325,0.110866014
204,0.0066584266401545,0.111412152
205,0.0065652315376536,0.11195829
206,0.0064726073227989,0.112504428
207,0.0063804505228635,0.113050566
208,0.0062887323204767,0.113596704
209,0.0061975848094872,0.114142842
210,0.0061073585340364,0.11468898
211,0.0060183543013546,0.115235118
212,0.00593078516142,0.115781256
213,0.0058448023904182,0.116327394
214,0.0057605600895109,0.116873532
215,0.0056781254856951,0.11741967
216,0.0055975320541396,0.117965808
217,0.0055186098980644,0.118511946
218,0.0054410305970176,0.119058084
219,0.0053644925975271,0.119604222
220,0.0052889114511503,0.12015036
221,0.0052143873383689,0.120696498
222,0.0051410957679318,0.121242636
223,0.0050690771856754,0.121788774
224,0.0049985177509551,0.122334912
225,0.0049295431120548,0.12288105
226,0.004862315967231,0.123427188
227,0.0047968096923212,0.123973326
228,0.0047327604033807,0.124519464
229,0.0046697950769945,0.125065602
230,0.0046076976060397,0.12561174
231,0.0045464733383505,0.126157878
232,0.0044860365720856,0.126704016
233,0.0044263394735817,0.127250154
234,0.0043674641257843,0.127796292
235,0.0043094893170018,0.12834243
236,0.0042523753848372,0.128888568
237,0.0041962668647185,0.129434706
238,0.0041412573381679,0.129980844
239,0.0040873684997108,0.130526982
240,0.0040347655378198,0.13107312
241,0.0039835656463092,0.131619258
242,0.003933667191736,0.132165396
243,0.0038849269475409,0.132711534
244,0.0038370712788649,0.133257672
245,0.0037898678831725,0.13380381
246,0.0037430527237578,0.134349948
247,0.0036966002269262,0.134896086
248,0.0036505783766494,0.135442224
249,0.0036051140241355,0.135988362
250,0.0035603559170584,0.1365345
251,0.0035163597428103,0.137080638
252,0.0034730889742633,0.137626776
253,0.0034305685870198,0.138172914
254,0.003388668048544,0.138719052
255,0.0033474778960364,0.13926519
256,0.0033071158883852,0.139811328
257,0.0032675852226788,0.140357466
258,0.0032289002344283,0.140903604
259,0.003191213988805,0.141449742
260,0.0031545169949532,0.14199588
261,0.0031186242822858,0.142542018
262,0.003083324188297,0.143088156
263,0.0030484980165698,0.143634294
264,0.0030139934223525,0.144180432
265,0.0029797246337478,0.14472657
266,0.0029456845070453,0.145272708
267,0.002911936200581,0.145818846
268,0.0028785623730276,0.146364984
269,0.0028456802405271,0.146911122
270,0.0028134638683038,0.14745726
271,0.0027819345253741,0.148003398
272,0.0027510682443636,0.148549536
273,0.0027208345630109,0.149095674
274,0.002691163104528,0.149641812
275,0.0026620923030847,0.15018795
276,0.0026336195247048,0.150734088
277,0.0026056439832081,0.151280226
278,0.0025781974683343,0.151826364
279,0.002551290240008,0.152372502
280,0.0025248720320657,0.15291864
281,0.0024989309178933,0.153464778
282,0.0024735422007595,0.154010916
283,0.0024486696185277,0.154557054
284,0.0024241859857511,0.155103192
285,0.0023999034727998,0.15564933
286,0.0023756908873568,0.156195468
287,0.0023514942249973,0.156741606
288,0.0023272604618605,0.157287744
289,0.0023030384099184,0.157833882
290,0.0022788954128072,0.15838002
291,0.002254905768588,0.158926158
292,0.0022311884062516,0.159472296
293,0.0022078275279085,0.160018434
294,0.0021847632553076,0.160564572
295,0.0021619460956438,0.16111071
296,0.0021394462336829,0.161656848
297,0.0021172874477681,0.162202986
298,0.0020956133425944,0.162749124
299,0.0020745504383695,0.163295262
300,0.0020541592103068,0.1638414
301,0.0020344674859269,0.164387538
302,0.0020154461661085,0.164933676
303,0.0019969985656414,0.165479814
304,0.0019790763762801,0.166025952
305,0.0019616265027656,0.16657209
306,0.0019445971189971,0.167118228
307,0.0019279261954205,0.167664366
308,0.0019115791030708,0.168210504
309,0.0018955250869334,0.168756642
310,0.0018797115170215,0.16930278
311,0.0018641137245749,0.169848918
312,0.0018487394969074,0.170395056
313,0.0018335695631107,0.170941194
314,0.0018185662604276,0.171487332
315,0.0018036456042088,0.17203347
316,0.0017887025504874,0.172579608
317,0.0017736694977531,0.173125746
318,0.0017584792545813,0.173671884
319,0.001743091450325,0.174218022
320,0.0017274993394507,0.17476416
321,0.0017117054361726,0.175310298
322,0.0016957120598864,0.175856436
323,0.0016796175495997,0.176402574
324,0.0016635442380181,0.176948712
325,0.0016475886440807,0.17749485
326,0.0016318120604823,0.178040988
327,0.0016162436067119,0.178587126
328,0.0016009202495639,0.179133264
329,0.00158584313721,0.179679402
330,0.0015709537697201,0.18022554
331,0.0015562353317135,0.180771678
332,0.0015417194152384,0.181317816
333,0.0015274750740168,0.181863954
334,0.0015135166149307,0.182410092
335,0.0014998858606801,0.18295623
336,0.0014866242292535,0.183502368
337,0.0014737600328233,0.184048506
338,0.0014613232834952,0.184594644
339,0.0014493368357559,0.185140782
340,0.0014377845614488,0.18568692
341,0.0014266639886778,0.186233058
342,0.0014159508230774,0.186779196
343,0.0014056078828266,0.187325334
344,0.0013956278198399,0.187871472
345,0.0013860125286956,0.18841761
346,0.0013767244217771,0.188963748
347,0.0013677058241726,0.189509886
348,0.0013588863606643,0.190056024
349,0.0013502000582137,0.190602162
350,0.0013416134322571,0.1911483
351,0.0013331050372353,0.191694438
352,0.0013246537190391,0.192240576
353,0.0013162314260636,0.192786714
354,0.0013078323529279,0.193332852
355,0.0012994008313428,0.19387899
356,0.0012909258242363,0.194425128
357,0.0012823923461519,0.194971266
358,0.0012737584561031,0.195517404
359,0.0012649683651522,0.196063542
360,0.0012559872363164,0.19660968
361,0.0012468032666639,0.197155818
362,0.0012374140577107,0.197701956
363,0.0012278279677689,0.198248094
364,0.0012180481954263,0.198794232
365,0.001208087448371,0.19934037
366,0.0011979836413605,0.199886508
367,0.001187780956221,0.200432646
368,0.0011775171757792,0.200978784
369,0.0011672212253264,0.201524922
370,0.0011569185476806,0.20207106
371,0.0011466068159633,0.202617198
372,0.0011363159037565,0.203163336
373,0.0011260907472658,0.203709474
374,0.0011159469689833,0.204255612
375,0.00110589914168,0.20480175
376,0.0010959660401413,0.205347888
377,0.0010861610792082,0.205894026
378,0.0010764803243991,0.206440164
379,0.0010668809299138,0.206986302
380,0.0010573458826549,0.20753244
381,0.0010478808760256,0.208078578
382,0.0010384838968157,0.208624716
383,0.00102917987505,0.209170854
384,0.0010200270539474,0.209716992
385,0.0010110867305914,0.21026313
386,0.0010023885982694,0.210809268
387,0.0009939471940326,0.211355406
388,0.0009857621865296,0.211901544
389,0.0009778221589686,0.212447682
390,0.0009701325168308,0.21299382
391,0.0009626938927069,0.213539958
392,0.0009554981178943,0.214086096
393,0.0009485415392803,0.214632234
394,0.0009418302836978,0.215178372
395,0.0009353654066601,0.21572451
396,0.0009291362307768,0.216270648
397,0.0009231395872551,0.216816786
398,0.0009173730827385,0.217362924
399,0.0009118281732274,0.217909062
400,0.0009064830425395,0.2184552
401,0.0009013107406212,0.219001338
402,0.0008962742653689,0.219547476
403,0.0008913587855672,0.220093614
404,0.0008865478842571,0.220639752
405,0.0008818334248207,0.22118589
406,0.0008772076972927,0.221732028
407,0.0008726579134096,0.222278166
408,0.0008681682262836,0.222824304
409,0.0008637226812255,0.223370442
410,0.0008592911486153,0.22391658
411,0.0008548526851159,0.224462718
412,0.000850413572212,0.225008856
413,0.0008459858702346,0.225554994
414,0.0008415544043289,0.226101132
415,0.0008370895814026,0.22664727
416,0.0008325541519839,0.227193408
417,0.0008279119782787,0.227739546
418,0.0008231263151109,0.228285684
419,0.0008181671286464,0.228831822
420,0.0008130073050867,0.22937796
421,0.0008076200690852,0.229924098
422,0.0008020026526854,0.230470236
423,0.0007961802264813,0.231016374
424,0.0007901905199159,0.231562512
425,0.0007840736029874,0.23210865
426,0.0007778662138245,0.232654788
427,0.0007716013216842,0.233200926
428,0.0007653043350732,0.233747064
429,0.0007589956682404,0.234293202
430,0.0007526908532416,0.23483934
431,0.0007463899741539,0.235385478
432,0.000740105113617,0.235931616
433,0.0007338494399989,0.236477754
434,0.0007276364194203,0.237023892
435,0.0007214811507136,0.23757003
436,0.000715398030034,0.238116168
437,0.0007093989428478,0.238662306
438,0.0007034942881219,0.239208444
439,0.0006976926474985,0.239754582
440,0.0006920027592226,0.24030072
441,0.0006864155286879,0.240846858
442,0.0006809238164699,0.241392996
443,0.0006755319497084,0.241939134
444,0.0006702527477128,0.242485272
445,0.0006650957682151,0.24303141
446,0.0006600612480707,0.243577548
447,0.0006551095027193,0.244123686
448,0.0006502097207632,0.244669824
449,0.0006453631700023,0.245215962
450,0.0006405748568084,0.2457621
451,0.0006358546070887,0.246308238
452,0.0006312182469296,0.246854376
453,0.0006266787658374,0.247400514
454,0.0006222450062624,0.247946652
455,0.0006179182411377,0.24849279
456,0.000613696220605,0.249038928
457,0.00060957398315,0.249585066
458,0.0006055485142162,0.250131204
459,0.0006016200926043,0.250677342
460,0.0005977869809554,0.25122348
461,0.0005940517776711,0.251769618
462,0.0005904148808586,0.252315756
463,0.0005868759664474,0.252861894
464,0.0005834380217122,0.253408032
465,0.0005801043324154,0.25395417
466,0.00057687633657,0.254500308
467,0.0005737521621316,0.255046446
468,0.0005707253691855,0.255592584
469,0.000567785460062,0.256138722
470,0.0005649219686643,0.25668486
471,0.0005621269685581,0.257230998
472,0.0005593956026431,0.257777136
473,0.0005567196830232,0.258323274
474,0.0005540904664858,0.258869412
475,0.0005514807190871,0.25941555
476,0.0005488793555586,0.259961688
477,0.0005462778832242,0.260507826
478,0.0005436750089938,0.261053964
479,0.0005410693943797,0.261600102
480,0.0005384598574013,0.26214624
481,0.0005358449182884,0.262692378
482,0.0005332255639257,0.263238516
483,0.0005306071646573,0.263784654
484,0.0005279971037779,0.264330792
485,0.0005253913279346,0.26487693
486,0.0005227781239932,0.265423068
487,0.000520147174086,0.265969206
488,0.000517489210002,0.266515344
489,0.0005147956207472,0.267061482
490,0.0005120565938851,0.26760762
491,0.0005092624660739,0.268153758
492,0.0005064055874066,0.268699896
493,0.0005034797113676,0.269246034
494,0.0005004801754747,0.269792172
495,0.0004974028154578,0.27033831
496,0.0004942461475556,0.270884448
497,0.0004910100172877,0.271430586
498,0.000487697199681,0.271976724
499,0.0004843126775677,0.272522862
500,0.0004808639978016,0.273069
501,0.0004773603689541,0.273615138
502,0.000473811648846,0.274161276
503,0.0004702251434955,0.274707414
504,0.0004666056928876,0.275253552
505,0.0004629628747121,0.27579969
506,0.0004593120219247,0.276345828
507,0.0004556707149882,0.276891966
508,0.0004520550046981,0.277438104
509,0.0004484780201517,0.277984242
510,0.0004449499890813,0.27853038
511,0.0004414787997618,0.279076518
512,0.0004380708046599,0.279622656
513,0.0004347309461237,0.280168794
514,0.0004314633480746,0.280714932
515,0.0004282706246257,0.28126107
516,0.000425153504182,0.281807208
517,0.0004221115960929,0.282353346
518,0.0004191441741956,0.282899484
519,0.0004162501424154,0.283445622
520,0.0004134280649371,0.28399176
521,0.0004106762066049,0.284537898
522,0.0004079926194535,0.285084036
523,0.000405375014068,0.285630174
524,0.0004028214662455,0.286176312
525,0.0004003296720101,0.28672245
526,0.0003978974493893,0.287268588
527,0.0003955190662769,0.287814726
528,0.0003931872402183,0.288360864
529,0.0003908947202157,0.288907002
530,0.0003886283494834,0.28945314
531,0.0003863702346504,0.289999278
532,0.0003841144105015,0.290545416
533,0.0003818634922101,0.291091554
534,0.000379623523779,0.291637692
535,0.0003774032068659,0.29218383
536,0.0003752107125828,0.292729968
537,0.000373053945114,0.293276106
538,0.0003709409188641,0.293822244
539,0.0003688784421367,0.294368382
540,0.0003668715200925,0.29491452
541,0.0003649224004578,0.295460658
542,0.0003630313091122,0.296006796
543,0.0003611967187468,0.296552934
544,0.0003594144367868,0.297099072
545,0.0003576773115637,0.29764521
546,0.0003559786457722,0.298191348
547,0.0003543180558302,0.298737486
548,0.0003526981797692,0.299283624
549,0.0003511196065142,0.299829762
550,0.0003495828322241,0.3003759
551,0.0003480873910283,0.300922038
552,0.0003466311223993,0.301468176
553,0.0003452107291796,0.302014314
554,0.0003438222976542,0.302560452
555,0.0003424616754988,0.30310659
556,0.000341124706022,0.303652728
557,0.000339807548261,0.304198866
558,0.0003385067117804,0.304745004
559,0.000337218920747,0.305291142
560,0.000335941320703,0.30583728
561,0.0003346709486785,0.306383418
562,0.0003334048633673,0.306929556
563,0.0003321408562276,0.307475694
564,0.0003308773747768,0.308021832
565,0.0003296134215126,0.30856797
566,0.0003283484233754,0.309114108
567,0.0003270822333017,0.309660246
568,0.0003258144972454,0.310206384
569,0.0003245445851218,0.310752522
570,0.0003232721739694,0.31129866
571,0.0003219981106976,0.311844798
572,0.000320722029399,0.312390936
573,0.0003194418652571,0.312937074
574,0.0003181553949244,0.313483212
575,0.0003168599366576,0.31402935
576,0.0003155528028109,0.314575488
577,0.0003142303121217,0.315121626
578,0.0003128890540096,0.315667764
579,0.0003115262308275,0.316213902
580,0.0003101385337748,0.31676004
581,0.0003087221544492,0.317306178
582,0.0003072741398619,0.317852316
583,0.0003057925272759,0.318398454
584,0.0003042763116167,0.318944592
585,0.0003027254828327,0.31949073
586,0.0003011410312441,0.320036868
587,0.0002995245561996,0.320583006
588,0.0002978780143109,0.321129144
589,0.0002962045630362,0.321675282
590,0.0002945085672997,0.32222142
591,0.0002927951763493,0.322767558
592,0.0002910696623287,0.323313696
593,0.000289337285155,0.323859834
594,0.0002876031918903,0.324405972
595,0.0002858722999203,0.32495211
596,0.0002841491530012,0.325498248
597,0.0002824380164722,0.326044386
598,0.000280742447914,0.326590524
599,0.0002790651743667,0.327136662
600,0.0002774084255618,0.3276828
601,0.0002757740513516,0.328228938
602,0.000274163504863,0.328775076
603,0.0002725778321556,0.329321214
604,0.0002710176834844,0.329867352
605,0.0002694833541325,0.33041349
606,0.0002679748062348,0.330959628
607,0.0002664917053482,0.331505766
608,0.0002650334611092,0.332051904
609,0.0002635992814725,0.332598042
610,0.0002621874554694,0.33314418
611,0.0002607961760503,0.333690318
612,0.0002594216653415,0.334236456
613,0.0002580650762068,0.334782594
614,0.0002567285912676,0.335328732
615,0.0002554138066587,0.33587487
616,0.0002541217292564,0.336421008
617,0.000252852851602,0.336967146
618,0.0002516073134471,0.337513284
619,0.0002503849258163,0.338059422
620,0.0002491852341466,0.33860556
621,0.0002480074758943,0.339151698
622,0.0002468504548452,0.339697836
623,0.000245711927205,0.340243974
624,0.0002445886628042,0.340790112
625,0.0002434717387938,0.34133625
626,0.0002423529771298,0.341882388
627,0.0002412272094781,0.342428526
628,0.0002400914659669,0.342974664
629,0.0002389444415546,0.343520802
630,0.0002377876224318,0.34406694
631,0.0002366248809994,0.344613078
632,0.0002354611411652,0.345159216
633,0.0002343032022328,0.345705354
634,0.0002331587930078,0.346251492
635,0.0002320341242558,0.34679763
636,0.0002309329683696,0.347343768
637,0.0002298587225897,0.347889906
638,0.0002288131201036,0.348436044
639,0.0002277971012852,0.348982182
640,0.0002268109837344,0.34952832
641,0.0002258546757185,0.350074458
642,0.000224927627099,0.350620596
643,0.0002240288517053,0.351166734
644,0.0002231572118765,0.351712872
645,0.0002223114052236,0.35225901
646,0.0002214902130201,0.352805148
647,0.0002206926564,0.353351286
648,0.0002199167359327,0.353897424
649,0.0002191599983605,0.354443562
650,0.0002184200180221,0.3549897
651,0.0002176960512772,0.355535838
652,0.0002169875130169,0.356081976
653,0.0002162938040932,0.356628114
654,0.0002156142152998,0.357174252
655,0.0002149479555997,0.35772039
656,0.0002142940385139,0.358266528
657,0.0002136513717816,0.358812666
658,0.0002130189814864,0.359358804
659,0.0002123956843202,0.359904942
660,0.0002117795989016,0.36045108
661,0.0002111688283574,0.360997218
662,0.0002105617169776,0.361543356
663,0.0002099568117094,0.362089494
664,0.0002093528751617,0.362635632
665,0.0002087488162671,0.36318177
666,0.0002081436767689,0.363727908
667,0.0002075366532798,0.364274046
668,0.0002069270716034,0.364820184
669,0.0002063143892695,0.365366322
670,0.0002056981981556,0.36591246
671,0.0002050782133046,0.366458598
672,0.0002044542333137,0.367004736
673,0.0002038261772004,0.367550874
674,0.000203194027961,0.368097012
675,0.0002025579041546,0.36864315
676,0.0002019179300598,0.369189288
677,0.0002012744110578,0.369735426
678,0.0002006278015847,0.370281564
679,0.000199978415103,0.370827702
680,0.0001993269226949,0.37137384
681,0.0001986726636734,0.371919978
682,0.0001980139259581,0.372466116
683,0.0001973498647091,0.373012254
684,0.0001966803533768,0.373558392
685,0.0001960051482128,0.37410453
686,0.0001953240589242,0.374650668
687,0.0001946367194915,0.375196806
688,0.0001939424779094,0.375742944
689,0.0001932401334266,0.376289082
690,0.0001925281076585,0.37683522
691,0.0001918048802027,0.377381358
692,0.0001910690137507,0.377927496
693,0.0001903191707225,0.378473634
694,0.0001895542196114,0.379019772
695,0.0001887732649351,0.37956591
696,0.0001879756010673,0.380112048
697,0.000187160849925,0.380658186
698,0.0001863290477694,0.381204324
699,0.0001854806385838,0.381750462
700,0.0001846165505493,0.3822966
701,0.0001837381361,0.382842738
702,0.0001828469428532,0.383388876
703,0.0001819447568118,0.383935014
704,0.0001810336177689,0.384481152
705,0.0001801157931011,0.38502729
706,0.0001791936463955,0.385573428
707,0.0001782695599687,0.386119566
708,0.0001773458883793,0.386665704
709,0.0001764247528357,0.387211842
710,0.0001755076690735,0.38775798
711,0.0001745960666261,0.388304118
712,0.0001736900825572,0.388850256
713,0.0001727904948747,0.389396394
714,0.0001718988937692,0.389942532
715,0.0001710166832093,0.39048867
716,0.0001701450927495,0.391034808
717,0.0001692851438727,0.391580946
718,0.0001684374278945,0.392127084
719,0.0001676022869299,0.392673222
720,0.0001667802463006,0.39321936
721,0.0001659716537008,0.393765498
722,0.0001651765602284,0.394311636
723,0.0001643948077779,0.394857774
724,0.0001636260975092,0.395403912
725,0.0001628700578974,0.39595005
726,0.000162126301272,0.396496188
727,0.000161394457376,0.397042326
728,0.0001606741901103,0.397588464
729,0.0001599652108419,0.398134602
730,0.0001592672802069,0.39868074
731,0.0001585801841334,0.399226878
732,0.0001579037484639,0.399773016
733,0.0001572378554129,0.400319154
734,0.0001565823384242,0.400865292
735,0.0001559370250068,0.40141143
736,0.0001553017557054,0.401957568
737,0.0001546756888213,0.402503706
738,0.0001540577355925,0.403049844
739,0.0001534473832477,0.403595982
740,0.0001528445472469,0.40414212
741,0.0001522498688229,0.404688258
742,0.0001516630327658,0.405234396
743,0.0001510847123555,0.405780534
744,0.0001505152746105,0.406326672
745,0.0001499549891104,0.40687281
746,0.0001494040781908,0.407418948
747,0.0001488625222906,0.407965086
748,0.0001483298708981,0.408511224
749,0.0001478054949551,0.409057362
750,0.0001472882942976,0.4096035
751,0.0001467760410526,0.410149638
752,0.0001462658293004,0.410695776
753,0.0001457543752172,0.411241914
754,0.0001452380455603,0.411788052
755,0.0001447139586489,0.41233419
756,0.0001441802191245,0.412880328
757,0.0001436354121861,0.413426466
758,0.0001430798418712,0.413972604
759,0.0001425149375568,0.414518742
760,0.0001419429614859,0.41506488
761,0.0001413669051888,0.415611018
762,0.0001407899084966,0.416157156
763,0.0001402145520438,0.416703294
764,0.0001396435226164,0.417249432
765,0.0001390794141494,0.41779557
766,0.0001385243210315,0.418341708
767,0.0001379798390234,0.418887846
768,0.0001374470948337,0.419433984
769,0.0001369266966537,0.419980122
770,0.0001364188639999,0.42052626
771,0.0001359235167608,0.421072398
772,0.0001354403490446,0.421618536
773,0.000134968864795,0.422164674
774,0.0001345083968705,0.422710812
775,0.0001340582079376,0.42325695
776,0.0001336175706405,0.423803088
777,0.0001331857931752,0.424349226
778,0.0001327622366373,0.424895364
779,0.0001323463156793,0.425441502
780,0.000131937546867,0.42598764
781,0.0001315357917608,0.426533778
782,0.0001311410179639,0.427079916
783,0.0001307532248276,0.427626054
784,0.00013037243291,0.428172192
785,0.0001299986630321,0.42871833
786,0.0001296319001942,0.429264468
787,0.0001292721254038,0.429810606
788,0.0001289192555914,0.430356744
789,0.0001285732037826,0.430902882
790,0.0001282337905232,0.43144902
791,0.0001279007061087,0.431995158
792,0.0001275736328175,0.432541296
793,0.0001272522363262,0.433087434
794,0.0001269361455576,0.433633572
795,0.0001266249784093,0.43417971
796,0.0001263183803788,0.434725848
797,0.0001260159778989,0.435271986
798,0.0001257174304166,0.435818124
799,0.0001254223819782,0.436364262
800,0.0001251304425989,0.4369104
801,0.0001248411932642,0.437456538
802,0.0001245542010934,0.438002676
803,0.0001242690267648,0.438548814
804,0.0001239852369062,0.439094952
805,0.0001237024003501,0.43964109
806,0.000123420096675,0.440187228
807,0.0001231379297934,0.440733366
808,0.0001228555261967,0.441279504
809,0.0001225725433656,0.441825642
810,0.0001222886627696,0.44237178
811,0.0001220036222401,0.442917918
812,0.0001217171926698,0.443464056
813,0.000121429158163,0.444010194
814,0.0001211392827386,0.444556332
815,0.0001208473115944,0.44510247
816,0.0001205529394615,0.445648608
817,0.0001202555438203,0.446194746
818,0.0001199550738834,0.446740884
819,0.0001196519791968,0.447287022
820,0.0001193467215195,0.44783316
821,0.0001190396931279,0.448379298
822,0.0001187313380151,0.448925436
823,0.0001184219278364,0.449471574
824,0.0001181116543046,0.450017712
825,0.0001178007304065,0.45056385
826,0.0001174889572837,0.451109988
827,0.0001171759400114,0.451656126
828,0.0001168611759222,0.452202264
829,0.0001165438045211,0.452748402
830,0.0001162224601083,0.45329454
831,0.00011589592293,0.453840678
832,0.0001155631933684,0.454386816
833,0.000115223587842,0.454932954
834,0.0001148765214857,0.455479092
835,0.0001145214610194,0.45602523
836,0.0001141579760532,0.456571368
837,0.0001137856854477,0.457117506
838,0.0001134042197884,0.457663644
839,0.0001130132485162,0.458209782
840,0.0001126125158308,0.45875592
841,0.000112201901229,0.459302058
842,0.000111781433731,0.459848196
843,0.000111351304712,0.460394334
844,0.0001109118803092,0.460940472
845,0.0001104637055846,0.46148661
846,0.0001100074987175,0.462032748
847,0.0001095441420167,0.462578886
848,0.0001090746550249,0.463125024
849,0.000108600167977,0.463671162
850,0.0001081218832686,0.4642173
851,0.0001076410321602,0.464763438
852,0.0001071588334138,0.465309576
853,0.0001066764805642,0.465855714
854,0.000106195100421,0.466401852
855,0.0001057157313767,0.46694799
856,0.0001052393052085,0.467494128
857,0.0001047666267824,0.468040266
858,0.0001042983739771,0.468586404
859,0.0001038350962657,0.469132542
860,0.000103377216474,0.46967868
861,0.0001029250384466,0.470224818
862,0.0001024787582263,0.470770956
863,0.000102038477745,0.471317094
864,0.0001016042183088,0.471863232
865,0.0001011759317997,0.47240937
866,0.0001007535168757,0.472955508
867,0.0001003368289697,0.473501646
868,9.99256921817141e-05,0.474047784
869,9.951991785995778e-05,0.474593922
870,9.91193187599136e-05,0.47514006
871,9.872372066891336e-05,0.475686198
872,9.833296455870216e-05,0.476232336
873,9.79469093475454e-05,0.476778474
874,9.756543154994762e-05,0.477324612
875,9.718842440022718e-05,0.47787075
876,9.681579008768164e-05,0.478416888
877,9.644744628501776e-05,0.478963026
878,9.608331939475772e-05,0.479509164
879,9.572335036680922e-05,0.480055302
880,9.53674451969946e-05,0.48060144
881,9.50155261706675e-05,0.481147578
882,9.466747814674805e-05,0.481693716
883,9.432310842187173e-05,0.482239854
884,9.398200791410973e-05,0.482785992
885,9.36440190889449e-05,0.48333213
886,9.330902481380427e-05,0.483878268
887,9.297706112730774e-05,0.484424406
888,9.26482658290156e-05,0.484970544
889,9.232276255298864e-05,0.485516682
890,9.200064643636424e-05,0.48606282
891,9.168198184868031e-05,0.486608958
892,9.136680056372652e-05,0.487155096
893,9.105510305369084e-05,0.487701234
894,9.074686267608282e-05,0.488247372
895,9.044203148711984e-05,0.48879351
896,9.014054607117328e-05,0.489339648
897,8.98423334718747e-05,0.489885786
898,8.954731636666209e-05,0.490431924
899,8.925541706294229e-05,0.490978062
900,8.896656061244537e-05,0.4915242
901,8.868067720037901e-05,0.492070338
902,8.83977040403375e-05,0.492616476
903,8.811758652856272e-05,0.493162614
904,8.784027928554903e-05,0.493708752
905,8.756574554731146e-05,0.49425489
906,8.729395755920614e-05,0.494801028
907,8.702489656279448e-05,0.495347166
908,8.675855213987867e-05,0.495893304
909,8.649491909804641e-05,0.496439442
910,8.62339965860149e-05,0.49698558
911,8.597578970679306e-05,0.497531718
912,8.572030655179076e-05,0.498077856
913,8.5467544902862e-05,0.498623994
914,8.521749333693887e-05,0.499170132
915,8.497014811764802e-05,0.49971627
916,8.472549868833043e-05,0.500262408
917,8.448347189679219e-05,0.500808546
918,8.424394943794882e-05,0.501354684
919,8.400683610234346e-05,0.5019008220000001
920,8.377188688531867e-05,0.5024469600000001
921,8.353857529452565e-05,0.502993098
922,8.330612284871284e-05,0.5035392360000001
923,8.307370251946562e-05,0.5040853740000001
924,8.2840295362646e-05,0.5046315120000001
925,8.260450368928926e-05,0.50517765
926,8.236456364409491e-05,0.5057237880000001
927,8.211870390454366e-05,0.5062699260000001
928,8.186575593007104e-05,0.5068160640000001
929,8.16050821622713e-05,0.507362202
930,8.133660061136474e-05,0.5079083400000001
931,8.106043329731413e-05,0.5084544780000001
932,8.077709396317962e-05,0.5090006160000001
933,8.048744203758333e-05,0.509546754
934,8.019244773127807e-05,0.5100928920000001
935,7.989310332477781e-05,0.5106390300000001
936,7.959026566699782e-05,0.511185168
937,7.928488388215044e-05,0.511731306
938,7.897804333862487e-05,0.5122774440000001
939,7.867092676580783e-05,0.5128235820000001
940,7.836472761399752e-05,0.51336972
941,7.806057909721137e-05,0.5139158580000001
942,7.775950828353555e-05,0.5144619960000001
943,7.74623797718564e-05,0.5150081340000001
944,7.716989976303493e-05,0.515554272
945,7.688261288094841e-05,0.5161004100000001
946,7.660092626319222e-05,0.5166465480000001
947,7.632513076734834e-05,0.5171926860000001
948,7.605541063301182e-05,0.517738824
949,7.579185255906788e-05,0.5182849620000001
950,7.553443708498467e-05,0.5188311000000001
951,7.528305105364339e-05,0.5193772380000001
952,7.503750676656863e-05,0.519923376
953,7.479755250554725e-05,0.5204695140000001
954,7.456284310801442e-05,0.5210156520000001
955,7.433301712703598e-05,0.52156179
956,7.410774539294329e-05,0.522107928
957,7.388672484730837e-05,0.5226540660000001
958,7.366967380038535e-05,0.5232002040000001
959,7.345633252261866e-05,0.523746342
960,7.324646626217268e-05,0.5242924800000001
961,7.30398794990667e-05,0.5248386180000001
962,7.283643508164643e-05,0.5253847560000001
963,7.2635990054236e-05,0.525930894
964,7.243844605266047e-05,0.5264770320000001
965,7.224371899106798e-05,0.5270231700000001
966,7.205174218737333e-05,0.5275693080000001
967,7.186247535672527e-05,0.528115446
968,7.167590066807473e-05,0.5286615840000001
969,7.149201685291513e-05,0.5292077220000001
970,7.131083589100002e-05,0.5297538600000001
971,7.113238009511369e-05,0.530299998
972,7.095667972447278e-05,0.5308461360000001
973,7.07837712179582e-05,0.5313922740000001
974,7.06136956783193e-05,0.531938412
975,7.044649821697586e-05,0.5324845500000001
976,7.028222690385625e-05,0.5330306880000001
977,7.012093223026785e-05,0.5335768260000001
978,6.996266506510849e-05,0.534122964
979,6.980747595495823e-05,0.5346691020000001
980,6.96554201139037e-05,0.5352152400000001
981,6.95065434740893e-05,0.5357613780000001
982,6.936087869003664e-05,0.536307516
983,6.921845761350884e-05,0.5368536540000001
984,6.907928357213444e-05,0.5373997920000001
985,6.894333855632178e-05,0.5379459300000001
986,6.881058651604262e-05,0.538492068
987,6.868096407652185e-05,0.5390382060000001
988,6.855437445606844e-05,0.5395843440000001
989,6.843069668922772e-05,0.540130482
990,6.830976179534622e-05,0.54067662
991,6.819129041214642e-05,0.5412227580000001
992,6.807487709505292e-05,0.5417688960000001
993,6.796015184421107e-05,0.542315034
994,6.784685906680684e-05,0.5428611720000001
995,6.773485010782433e-05,0.5434073100000001
996,6.762398336786514e-05,0.5439534480000001
997,6.751412108355767e-05,0.544499586
998,6.740513976825979e-05,0.5450457240000001
999,6.72968976298555e-05,0.5455918620000001
1000,6.718926335249247e-05,0.5461380000000001
1001,6.70821362064845e-05,0.546684138
1002,6.697540814777682e-05,0.5472302760000001
1003,6.686896621220902e-05,0.5477764140000001
1004,6.67627021865898e-05,0.5483225520000001
1005,6.665650577397104e-05,0.54886869
1006,6.655026012524984e-05,0.5494148280000001
1007,6.644384003269618e-05,0.5499609660000001
1008,6.633711083817643e-05,0.550507104
1009,6.622993457994602e-05,0.551053242
1010,6.612215084143934e-05,0.5515993800000001
1011,6.601362274666808e-05,0.5521455180000001
1012,6.590418562683577e-05,0.552691656
1013,6.579371208020559e-05,0.5532377940000001
1014,6.56820840310341e-05,0.5537839320000001
1015,6.556916471542357e-05,0.5543300700000001
1016,6.54549293617683e-05,0.554876208
1017,6.533929927674545e-05,0.5554223460000001
1018,6.522215590417121e-05,0.5559684840000001
1019,6.510348869361305e-05,0.5565146220000001
1020,6.498331470482479e-05,0.55706076
1021,6.48615691470345e-05,0.5576068980000001
1022,6.473819082920278e-05,0.5581530360000001
1023,6.461307520139313e-05,0.5586991740000001
1024,6.448602266971999e-05,0.559245312
1025,6.435674362761011e-05,0.5597914500000001
1026,6.422489496358778e-05,0.5603375880000001
1027,6.409013964210782e-05,0.560883726
1028,6.395205269259738e-05,0.5614298640000001
1029,6.381019067952083e-05,0.5619760020000001
1030,6.366411152557485e-05,0.5625221400000001
1031,6.351339627185371e-05,0.563068278
1032,6.335765165481859e-05,0.5636144160000001
1033,6.319652045158197e-05,0.5641605540000001
1034,6.302969864478598e-05,0.5647066920000001
1035,6.285690375854026e-05,0.56525283
1036,6.267790799138722e-05,0.5657989680000001
1037,6.249254980456544e-05,0.5663451060000001
1038,6.230074615891926e-05,0.5668912440000001
1039,6.210250254712843e-05,0.567437382
1040,6.189791635354218e-05,0.5679835200000001
1041,6.1687186591155e-05,0.5685296580000001
1042,6.147060498810132e-05,0.5690757960000001
1043,6.124855464433035e-05,0.569621934
1044,6.10214982245002e-05,0.5701680720000001
1045,6.078995875330753e-05,0.5707142100000001
1046,6.055452089199144e-05,0.571260348
1047,6.031581500626106e-05,0.5718064860000001
1048,6.007450152517175e-05,0.5723526240000001
1049,5.983125198231427e-05,0.5728987620000001
1050,5.958673404907564e-05,0.5734449
1051,5.934160053193512e-05,0.5739910380000001
1052,5.909648292257985e-05,0.5745371760000001
1053,5.885196514186284e-05,0.5750833140000001
1054,5.860858816527577e-05,0.575629452
1055,5.836684428775288e-05,0.5761755900000001
1056,5.812715361217745e-05,0.5767217280000001
1057,5.7889861928664e-05,0.5772678660000001
1058,5.765526144327922e-05,0.577814004
1059,5.742359203710434e-05,0.5783601420000001
1060,5.719504390685867e-05,0.5789062800000001
1061,5.696976042100151e-05,0.5794524180000001
1062,5.674784165010553e-05,0.579998556
1063,5.652934912461488e-05,0.5805446940000001
1064,5.631431036622486e-05,0.5810908320000001
1065,5.610272292692066e-05,0.58163697
1066,5.589455886644529e-05,0.5821831080000001
1067,5.568976936722828e-05,0.5827292460000001
1068,5.548828963641265e-05,0.5832753840000001
1069,5.529004040653641e-05,0.583821522
1070,5.509493198962543e-05,0.5843676600000001
1071,5.490286820678816e-05,0.5849137980000001
1072,5.47137538357698e-05,0.5854599360000001
1073,5.452748301621283e-05,0.586006074
1074,5.434395059695588e-05,0.5865522120000001
1075,5.416305805661894e-05,0.5870983500000001
1076,5.398471271313161e-05,0.5876444880000001
1077,5.380882990614864e-05,0.588190626
1078,5.363532721082274e-05,0.5887367640000001
1079,5.346413075475518e-05,0.5892829020000001
1080,5.329517595130265e-05,0.58982904
1081,5.312840361852785e-05,0.5903751780000001
1082,5.296372766634327e-05,0.5909213160000001
1083,5.280107293675952e-05,0.5914674540000001
1084,5.264040594355183e-05,0.592013592
1085,5.248170164380354e-05,0.5925597300000001
1086,5.232494686227092e-05,0.5931058680000001
1087,5.217012540111475e-05,0.5936520060000001
1088,5.201721617696357e-05,0.594198144
1089,5.186619395004994e-05,0.5947442820000001
1090,5.171702768536791e-05,0.5952904200000001
1091,5.156968062446841e-05,0.5958365580000001
1092,5.142411077520718e-05,0.596382696
1093,5.128027139124108e-05,0.5969288340000001
1094,5.113811209577908e-05,0.5974749720000001
1095,5.099757957756401e-05,0.5980211100000001
1096,5.085861860224802e-05,0.598567248
1097,5.072117263994407e-05,0.5991133860000001
1098,5.058518448206936e-05,0.5996595240000001
1099,5.045059672403288e-05,0.600205662
1100,5.03173528243228e-05,0.6007518000000001
1101,5.018539711682771e-05,0.6012979380000001
1102,5.005467503373332e-05,0.6018440760000001
1103,4.992513356809134e-05,0.602390214
1104,4.9796721185385e-05,0.6029363520000001
1105,4.966938808538339e-05,0.6034824900000001
1106,4.95430861110379e-05,0.6040286280000001
1107,4.941778289772899e-05,0.604574766
1108,4.929340426346723e-05,0.6051209040000001
1109,4.916992222002141e-05,0.6056670420000001
1110,4.904729510187645e-05,0.6062131800000001
1111,4.892548352603756e-05,0.606759318
1112,4.880444927426357e-05,0.6073054560000001
1113,4.868415518690006e-05,0.6078515940000001
1114,4.856456530403144e-05,0.6083977320000001
1115,4.844564500811161e-05,0.60894387
1116,4.832736054316081e-05,0.6094900080000001
1117,4.820967879485922e-05,0.6100361460000001
1118,4.809256783906128e-05,0.610582284
1119,4.797599882159275e-05,0.6111284220000001
1120,4.785994324589943e-05,0.6116745600000001
1121,4.774437152786369e-05,0.6122206980000001
1122,4.762925870708668e-05,0.612766836
1123,4.751459109851223e-05,0.6133129740000001
1124,4.740034602014156e-05,0.6138591120000001
1125,4.728649114035829e-05,0.6144052500000001
1126,4.717298934622115e-05,0.614951388
1127,4.705980742393826e-05,0.6154975260000001
1128,4.694691597020114e-05,0.6160436640000001
1129,4.683428859219278e-05,0.6165898020000001
1130,4.672190180173052e-05,0.61713594
1131,4.660973498511215e-05,0.6176820780000001
1132,4.649777021904014e-05,0.6182282160000001
1133,4.638599237903672e-05,0.6187743540000001
1134,4.627438899244786e-05,0.6193204920000001
1135,4.616295021936089e-05,0.6198666300000001
1136,4.605166868986524e-05,0.6204127680000001
1137,4.594053966478589e-05,0.620958906
1138,4.582956072179342e-05,0.6215050440000001
1139,4.571873188249034e-05,0.6220511820000001
1140,4.560805589138119e-05,0.6225973200000001
1141,4.549753793400669e-05,0.623143458
1142,4.53871859219836e-05,0.6236895960000001
1143,4.527701074379814e-05,0.6242357340000001
1144,4.516702587443239e-05,0.6247818720000001
1145,4.505724776330887e-05,0.62532801
1146,4.494769572713832e-05,0.6258741480000001
1147,4.483839187271513e-05,0.6264202860000001
1148,4.472936093189541e-05,0.6269664240000001
1149,4.462063022407147e-05,0.627512562
1150,4.4512230735142e-05,0.6280587000000001
1151,4.440419708530919e-05,0.6286048380000001
1152,4.429656670003609e-05,0.6291509760000001
1153,4.418937925904001e-05,0.6296971140000001
1154,4.408267629093902e-05,0.6302432520000001
1155,4.397650053752803e-05,0.6307893900000001
1156,4.38708957499435e-05,0.631335528
1157,4.376590595316843e-05,0.6318816660000001
1158,4.366157492990824e-05,0.6324278040000001
1159,4.355794471357646e-05,0.6329739420000001
1160,4.345505499027198e-05,0.63352008
1161,4.335294350585968e-05,0.6340662180000001
1162,4.325164641910008e-05,0.6346123560000001
1163,4.315119386812561e-05,0.6351584940000001
1164,4.305160851830927e-05,0.635704632
1165,4.295289995059383e-05,0.6362507700000001
1166,4.285507528799735e-05,0.6367969080000001
1167,4.275812658606542e-05,0.6373430460000001
1168,4.266201366324251e-05,0.637889184
1169,4.256665072270438e-05,0.6384353220000001
1170,4.247191160661344e-05,0.6389814600000001
1171,4.23775969617799e-05,0.6395275980000001
1172,4.228343055140354e-05,0.6400737360000001
1173,4.218906093658343e-05,0.6406198740000001
1174,4.209407776929207e-05,0.6411660120000001
1175,4.19979884785951e-05,0.64171215
1176,4.19002993400978e-05,0.6422582880000001
1177,4.180051161533746e-05,0.6428044260000001
1178,4.169822186521945e-05,0.6433505640000001
1179,4.15931578033772e-05,0.643896702
1180,4.148515496577477e-05,0.6444428400000001
1181,4.137413745681518e-05,0.6449889780000001
1182,4.126013986709356e-05,0.6455351160000001
1183,4.114330078122627e-05,0.646081254
1184,4.102382980325032e-05,0.6466273920000001
1185,4.090195758254929e-05,0.6471735300000001
1186,4.077791074232488e-05,0.6477196680000001
1187,4.065193108347117e-05,0.648265806
1188,4.052424885376753e-05,0.6488119440000001
1189,4.0395069217527e-05,0.6493580820000001
1190,4.026462586571001e-05,0.64990422
1191,4.013315470268733e-05,0.6504503580000001
1192,4.000086998806252e-05,0.6509964960000001
1193,3.986799893964691e-05,0.6515426340000001
1194,3.97347722962706e-05,0.652088772
1195,3.960142249999795e-05,0.6526349100000001
1196,3.946819115551901e-05,0.6531810480000001
1197,3.933532818127687e-05,0.6537271860000001
1198,3.920309805939319e-05,0.654273324
1199,3.907177800831699e-05,0.6548194620000001
1200,3.89416512595188e-05,0.6553656000000001
1201,3.881300102876062e-05,0.6559117380000001
1202,3.868610225262293e-05,0.656457876
1203,3.856120839018622e-05,0.6570040140000001
1204,3.843854214618466e-05,0.6575501520000001
1205,3.83182890824777e-05,0.6580962900000001
1206,3.820058831118851e-05,0.6586424280000001
1207,3.808553255339092e-05,0.6591885660000001
1208,3.797316739742896e-05,0.6597347040000001
1209,3.786350299163792e-05,0.660280842
1210,3.77565148003542e-05,0.6608269800000001
1211,3.765215369184672e-05,0.6613731180000001
1212,3.755034927096537e-05,0.6619192560000001
1213,3.745101148183036e-05,0.662465394
1214,3.735402821034706e-05,0.6630115320000001
1215,3.72592690710058e-05,0.6635576700000001
1216,3.716657441416671e-05,0.6641038080000001
1217,3.707576063401339e-05,0.664649946
1218,3.698662944115425e-05,0.6651960840000001
1219,3.689899029805538e-05,0.6657422220000001
1220,3.681269057373844e-05,0.6662883600000001
1221,3.672760343891805e-05,0.666834498
1222,3.664363205936187e-05,0.6673806360000001
1223,3.656068578998773e-05,0.6679267740000001
1224,3.647867858155158e-05,0.6684729120000001
1225,3.639753038372272e-05,0.6690190500000001
1226,3.631716423739119e-05,0.6695651880000001
1227,3.623750910430572e-05,0.6701113260000001
1228,3.615849582405291e-05,0.670657464
1229,3.608005976179056e-05,0.6712036020000001
1230,3.600213822590028e-05,0.6717497400000001
1231,3.592467153772834e-05,0.6722958780000001
1232,3.584760445556192e-05,0.672842016
1233,3.577088584004074e-05,0.6733881540000001
1234,3.569446873649008e-05,0.6739342920000001
1235,3.561831070945825e-05,0.6744804300000001
1236,3.554237516369032e-05,0.675026568
1237,3.546662990962289e-05,0.6755727060000001
1238,3.539104878268638e-05,0.6761188440000001
1239,3.531561104852308e-05,0.6766649820000001
1240,3.524030150822956e-05,0.67721112
1241,3.516511024044327e-05,0.6777572580000001
1242,3.509003229304335e-05,0.6783033960000001
1243,3.501506759930962e-05,0.6788495340000001
1244,3.494021973946751e-05,0.6793956720000001
1245,3.486549586885281e-05,0.6799418100000001
1246,3.47909064903792e-05,0.6804879480000001
1247,3.471646519151704e-05,0.681034086
1248,3.464218809532713e-05,0.6815802240000001
1249,3.456809363957076e-05,0.6821263620000001
1250,3.449420234811859e-05,0.6826725000000001
1251,3.442053636359148e-05,0.683218638
1252,3.434711958223667e-05,0.6837647760000001
1253,3.427397816010141e-05,0.6843109140000001
1254,3.420113951118612e-05,0.6848570520000001
1255,3.412863392993981e-05,0.68540319
1256,3.405649167641401e-05,0.6859493280000001
1257,3.398474077799206e-05,0.6864954660000001
1258,3.391341605747705e-05,0.6870416040000001
1259,3.384254853083992e-05,0.6875877420000001
1260,3.377217328702656e-05,0.6881338800000001
1261,3.370232271234954e-05,0.6886800180000001
1262,3.363302181410182e-05,0.6892261560000001
1263,3.356429307731291e-05,0.6897722940000001
1264,3.349616576107069e-05,0.6903184320000001
1265,3.34286678222856e-05,0.6908645700000001
1266,3.336182693023446e-05,0.691410708
1267,3.329566866603489e-05,0.6919568460000001
1268,3.323021663929727e-05,0.6925029840000001
1269,3.316549222543434e-05,0.6930491220000001
1270,3.31015154280446e-05,0.69359526
1271,3.303830143840813e-05,0.6941413980000001
1272,3.297586205654942e-05,0.6946875360000001
1273,3.291420578441451e-05,0.6952336740000001
1274,3.285333772309844e-05,0.695779812
1275,3.279325923495345e-05,0.6963259500000001
1276,3.273396819396626e-05,0.6968720880000001
1277,3.267545859064548e-05,0.6974182260000001
1278,3.261772023043911e-05,0.6979643640000001
1279,3.256073728666197e-05,0.6985105020000001
1280,3.250449022313223e-05,0.6990566400000001
1281,3.244895474166057e-05,0.699602778
1282,3.239410549675349e-05,0.7001489160000001
1283,3.233991105207869e-05,0.7006950540000001
1284,3.228634034121988e-05,0.7012411920000001
1285,3.223335316557843e-05,0.70178733
1286,3.218090321367504e-05,0.7023334680000001
1287,3.212894914267685e-05,0.7028796060000001
1288,3.207743665188049e-05,0.7034257440000001
1289,3.202630807643033e-05,0.703971882
1290,3.197550629310141e-05,0.7045180200000001
1291,3.192497589914904e-05,0.7050641580000001
1292,3.187466276815819e-05,0.7056102960000001
1293,3.182451465523265e-05,0.706156434
1294,3.177448128511244e-05,0.7067025720000001
1295,3.172451488522035e-05,0.7072487100000001
1296,3.167457024334355e-05,0.7077948480000001
1297,3.16246043833683e-05,0.7083409860000001
1298,3.157457686477604e-05,0.7088871240000001
1299,3.152445037867459e-05,0.7094332620000001
1300,3.147418937631396e-05,0.7099794
1301,3.142376366396377e-05,0.7105255380000001
1302,3.137314213363975e-05,0.7110716760000001
1303,3.132229575624971e-05,0.7116178140000001
1304,3.127119627020281e-05,0.712163952
1305,3.121982389957056e-05,0.7127100900000001
1306,3.116816554422318e-05,0.7132562280000001
1307,3.111620872071089e-05,0.7138023660000001
1308,3.106394036869085e-05,0.714348504
1309,3.101135912170698e-05,0.7148946420000001
1310,3.095846771265534e-05,0.7154407800000001
1311,3.090527839739182e-05,0.7159869180000001
1312,3.085179716737621e-05,0.7165330560000001
1313,3.079801415509577e-05,0.7170791940000001
1314,3.074391233437785e-05,0.7176253320000001
1315,3.068947097701492e-05,0.7181714700000001
1316,3.063463154491879e-05,0.7187176080000001
1317,3.057935884796533e-05,0.7192637460000001
1318,3.052357816418109e-05,0.7198098840000001
1319,3.046722382473328e-05,0.720356022
1320,3.041020604029433e-05,0.7209021600000001
1321,3.035242133272242e-05,0.7214482980000001
1322,3.029376619469549e-05,0.7219944360000001
1323,3.023410233506767e-05,0.722540574
1324,3.017329984446418e-05,0.7230867120000001
1325,3.01112281478311e-05,0.7236328500000001
1326,3.004776232398362e-05,0.7241789880000001
1327,2.998278629615031e-05,0.724725126
1328,2.991619481936203e-05,0.7252712640000001
1329,2.984789709862465e-05,0.7258174020000001
1330,2.977782350995018e-05,0.7263635400000001
1331,2.97059291046658e-05,0.7269096780000001
1332,2.963217662778438e-05,0.7274558160000001
1333,2.955655103091516e-05,0.7280019540000001
1334,2.947906369881857e-05,0.7285480920000001
1335,2.939975299678635e-05,0.7290942300000001
1336,2.931868408008379e-05,0.7296403680000001
1337,2.923594827335356e-05,0.7301865060000001
1338,2.91516616312875e-05,0.730732644
1339,2.906596275166545e-05,0.7312787820000001
1340,2.897901091028903e-05,0.7318249200000001
1341,2.889098213808831e-05,0.7323710580000001
1342,2.880206609244352e-05,0.732917196
1343,2.871246151320048e-05,0.7334633340000001
1344,2.862237217062049e-05,0.7340094720000001
1345,2.853200321706999e-05,0.7345556100000001
1346,2.844155692902267e-05,0.735101748
1347,2.835122779467583e-05,0.7356478860000001
1348,2.826119722287876e-05,0.7361940240000001
1349,2.817162828291623e-05,0.7367401620000001
1350,2.808266795472457e-05,0.7372863000000001
1351,2.799444294460924e-05,0.7378324380000001
1352,2.790706346729317e-05,0.7383785760000001
1353,2.782062231500976e-05,0.7389247140000001
1354,2.773519933234308e-05,0.7394708520000001
1355,2.765085947287149e-05,0.7400169900000001
1356,2.756765307409662e-05,0.7405631280000001
1357,2.748561568082717e-05,0.741109266
1358,2.74047688721948e-05,0.7416554040000001
1359,2.732512132034571e-05,0.7422015420000001
1360,2.72466693869949e-05,0.7427476800000001
1361,2.716939887003328e-05,0.743293818
1362,2.709328701517293e-05,0.7438399560000001
1363,2.70183040994108e-05,0.7443860940000001
1364,2.694441465626351e-05,0.7449322320000001
1365,2.687157628972951e-05,0.7454783700000001
1366,2.679974154726043e-05,0.7460245080000001
1367,2.672885947120976e-05,0.7465706460000001
1368,2.665888306493977e-05,0.7471167840000001
1369,2.65897669331228e-05,0.7476629220000001
1370,2.652146578539125e-05,0.7482090600000001
1371,2.645393428976066e-05,0.7487551980000001
1372,2.638712721402044e-05,0.7493013360000002
1373,2.632100020027436e-05,0.7498474740000001
1374,2.625551034439828e-05,0.7503936120000001
1375,2.619061631805934e-05,0.7509397500000001
1376,2.612627811546384e-05,0.751485888
1377,2.606245741061794e-05,0.7520320260000001
1378,2.599911826132151e-05,0.7525781640000001
1379,2.593622718831416e-05,0.7531243020000001
1380,2.587375343967702e-05,0.75367044
1381,2.581166637593995e-05,0.7542165780000001
1382,2.574993680903172e-05,0.7547627160000001
1383,2.568853881230468e-05,0.7553088540000001
1384,2.562744947081585e-05,0.7558549920000001
1385,2.556664889974594e-05,0.7564011300000001
1386,2.550612005783053e-05,0.7569472680000001
1387,2.544584843123919e-05,0.7574934060000001
1388,2.538582175326065e-05,0.7580395440000001
1389,2.532602951988434e-05,0.7585856820000001
1390,2.526646312242708e-05,0.7591318200000001
1391,2.520711513198054e-05,0.759677958
1392,2.514797943204745e-05,0.7602240960000001
1393,2.508905114083529e-05,0.7607702340000001
1394,2.503032576942579e-05,0.7613163720000001
1395,2.497179994099416e-05,0.76186251
1396,2.491347080400317e-05,0.7624086480000001
1397,2.48553358015182e-05,0.7629547860000001
1398,2.479739300500102e-05,0.7635009240000001
1399,2.47396408466301e-05,0.764047062
1400,2.468207797259363e-05,0.7645932000000001
1401,2.462470337410055e-05,0.7651393380000001
1402,2.456751616999145e-05,0.7656854760000001
1403,2.451051549893493e-05,0.7662316140000001
1404,2.44537001468505e-05,0.7667777520000001
1405,2.439706904924416e-05,0.7673238900000001
1406,2.434062095842408e-05,0.7678700280000001
1407,2.428435490843607e-05,0.7684161660000001
1408,2.422827033865828e-05,0.7689623040000001
1409,2.417236615274693e-05,0.7695084420000001
1410,2.411664076021216e-05,0.77005458
1411,2.406109400701936e-05,0.7706007180000001
1412,2.400572496039018e-05,0.7711468560000001
1413,2.395053556172391e-05,0.7716929940000001
1414,2.3895526770012e-05,0.772239132
1415,2.38406940945037e-05,0.7727852700000001
1416,2.378603316195911e-05,0.7733314080000001
1417,2.373154055059856e-05,0.7738775460000001
1418,2.367721353745084e-05,0.7744236840000001
1419,2.362305021625777e-05,0.7749698220000001
1420,2.356904935163667e-05,0.7755159600000001
1421,2.351521028348842e-05,0.7760620980000001
1422,2.346153299170117e-05,0.7766082360000001
1423,2.340801797813311e-05,0.7771543740000001
1424,2.335466625243026e-05,0.7777005120000001
1425,2.330147940133237e-05,0.7782466500000002
1426,2.324845960085713e-05,0.7787927880000001
1427,2.319560966055041e-05,0.7793389260000001
1428,2.314293300996067e-05,0.7798850640000001
1429,2.309043388692128e-05,0.780431202
1430,2.30381174292815e-05,0.7809773400000001
1431,2.298598982290729e-05,0.7815234780000001
1432,2.293405778455592e-05,0.7820696160000001
1433,2.288232975798589e-05,0.782615754
1434,2.283081496294305e-05,0.7831618920000001
1435,2.277952437054946e-05,0.7837080300000001
1436,2.272847261201993e-05,0.7842541680000001
1437,2.267767617946047e-05,0.7848003060000001
1438,2.262715355671179e-05,0.7853464440000001
1439,2.25769255205044e-05,0.7858925820000001
1440,2.252700720743191e-05,0.7864387200000001
1441,2.247740379360278e-05,0.7869848580000001
1442,2.242811411621924e-05,0.7875309960000001
1443,2.237912823264964e-05,0.7880771340000001
1444,2.233042189551914e-05,0.7886232720000002
1445,2.228197396613523e-05,0.7891694100000001
1446,2.223376421995774e-05,0.7897155480000001
1447,2.218577972417409e-05,0.7902616860000001
1448,2.213802118541187e-05,0.790807824
1449,2.209049502239366e-05,0.7913539620000001
1450,2.204320872105284e-05,0.7919001000000001
1451,2.19961677344789e-05,0.7924462380000001
1452,2.1949376967765e-05,0.792992376
1453,2.190284178875459e-05,0.7935385140000001
1454,2.185656713796017e-05,0.7940846520000001
1455,2.181055766299758e-05,0.7946307900000001
1456,2.176481721631545e-05,0.7951769280000001
1457,2.171934989006808e-05,0.7957230660000001
1458,2.167415917597002e-05,0.7962692040000001
1459,2.162924870310499e-05,0.7968153420000001
1460,2.158462156107502e-05,0.7973614800000001
1461,2.154027987517825e-05,0.7979076180000001
1462,2.149622530594591e-05,0.7984537560000001
1463,2.145245853188877e-05,0.7989998940000002
1464,2.140898030131852e-05,0.7995460320000001
1465,2.13657910504342e-05,0.8000921700000001
1466,2.13228902819115e-05,0.8006383080000001
1467,2.128027599461088e-05,0.801184446
1468,2.12379468157587e-05,0.8017305840000001
1469,2.119590054691958e-05,0.8022767220000001
1470,2.115413500781168e-05,0.8028228600000001
1471,2.111264627817458e-05,0.8033689980000001
1472,2.107143087937754e-05,0.8039151360000001
1473,2.103048557209415e-05,0.8044612740000001
1474,2.098980741241407e-05,0.8050074120000001
1475,2.094939231521931e-05,0.8055535500000001
1476,2.090923616699419e-05,0.8060996880000001
1477,2.086933547644685e-05,0.8066458260000001
1478,2.08296868604466e-05,0.8071919640000002
1479,2.07902875075491e-05,0.8077381020000001
1480,2.075113509138786e-05,0.8082842400000001
1481,2.07122281280665e-05,0.8088303780000001
1482,2.067356570007318e-05,0.8093765160000002
1483,2.063514711322898e-05,0.8099226540000001
1484,2.05969714567114e-05,0.8104687920000001
1485,2.055903749279389e-05,0.8110149300000001
1486,2.052134360622965e-05,0.811561068
1487,2.048388814048779e-05,0.8121072060000001
1488,2.044666895944348e-05,0.8126533440000001
1489,2.040968362968466e-05,0.8131994820000001
1490,2.037292927143855e-05,0.8137456200000001
1491,2.03364030643608e-05,0.8142917580000001
1492,2.030010201191912e-05,0.8148378960000001
1493,2.02640230298607e-05,0.8153840340000001
1494,2.022816338576385e-05,0.8159301720000001
1495,2.019252018216336e-05,0.8164763100000001
1496,2.015709076690371e-05,0.8170224480000001
1497,2.012187263555781e-05,0.8175685860000002
1498,2.008686321861344e-05,0.8181147240000001
1499,2.005205988947855e-05,0.8186608620000001
1500,2.001746004661451e-05,0.8192070000000001
1501,1.998306103526201e-05,0.819753138
1502,1.994886031865202e-05,0.8202992760000001
1503,1.991485535182526e-05,0.8208454140000001
1504,1.988104355836982e-05,0.8213915520000001
1505,1.984742236596029e-05,0.82193769
1506,1.981398920383078e-05,0.8224838280000001
1507,1.978074149618538e-05,0.8230299660000001
1508,1.974767671550538e-05,0.8235761040000001
1509,1.971479233889535e-05,0.8241222420000001
1510,1.96820858937821e-05,0.8246683800000001
1511,1.964955495024525e-05,0.8252145180000001
1512,1.961719701195611e-05,0.8257606560000001
1513,1.958500965213592e-05,0.8263067940000001
1514,1.955299049862696e-05,0.8268529320000001
1515,1.952113725969943e-05,0.8273990700000001
1516,1.948944756329781e-05,0.8279452080000002
1517,1.945791900479927e-05,0.8284913460000001
1518,1.942654924712022e-05,0.8290374840000001
1519,1.939533597458598e-05,0.8295836220000001
1520,1.936427688324681e-05,0.83012976
1521,1.933336972106795e-05,0.8306758980000001
1522,1.93026122086543e-05,0.8312220360000001
1523,1.927200208313507e-05,0.8317681740000001
1524,1.924153697086929e-05,0.8323143120000001
1525,1.921121445844553e-05,0.8328604500000001
1526,1.918103205072601e-05,0.8334065880000001
1527,1.915098729517993e-05,0.8339527260000001
1528,1.912107752225629e-05,0.8344988640000001
1529,1.909130008165827e-05,0.8350450020000001
1530,1.90616521362406e-05,0.8355911400000001
1531,1.903213074721991e-05,0.8361372780000002
1532,1.900273301738981e-05,0.8366834160000001
1533,1.89734555747194e-05,0.8372295540000001
1534,1.894429476365321e-05,0.8377756920000001
1535,1.891524614696835e-05,0.8383218300000002
1536,1.888630531251371e-05,0.8388679680000001
1537,1.885746850455611e-05,0.8394141060000001
1538,1.882873254867442e-05,0.8399602440000001
1539,1.880009228136872e-05,0.840506382
1540,1.877154064377752e-05,0.8410525200000001
1541,1.874306720072632e-05,0.8415986580000001
1542,1.871466846485119e-05,0.8421447960000001
1543,1.868634536957853e-05,0.8426909340000001
1544,1.865810237339425e-05,0.8432370720000001
1545,1.86299436318795e-05,0.8437832100000001
1546,1.860187469481018e-05,0.8443293480000001
1547,1.857390098566766e-05,0.8448754860000001
1548,1.854602965456472e-05,0.8454216240000001
1549,1.851827007179629e-05,0.8459677620000001
1550,1.849063506292848e-05,0.8465139000000002
1551,1.846314459556e-05,0.8470600380000001
1552,1.843582498852673e-05,0.8476061760000001
1553,1.840871255756338e-05,0.8481523140000001
1554,1.83818517489246e-05,0.8486984520000002
1555,1.835529161333385e-05,0.8492445900000001
1556,1.832908133119877e-05,0.8497907280000001
1557,1.830325996120037e-05,0.8503368660000001
1558,1.827784992625418e-05,0.850883004
1559,1.825285197331223e-05,0.8514291420000001
1560,1.822824409856473e-05,0.8519752800000001
1561,1.820385376191101e-05,0.8525214180000001
1562,1.817982902645887e-05,0.8530675560000001
1563,1.815603160237192e-05,0.8536136940000001
1564,1.813239574950828e-05,0.8541598320000001
1565,1.81088482319972e-05,0.8547059700000001
1566,1.808532356796198e-05,0.8552521080000001
1567,1.806173803342501e-05,0.8557982460000001
1568,1.803801443896894e-05,0.8563443840000001
1569,1.80145332208732e-05,0.8568905220000002
1570,1.798989893597332e-05,0.8574366600000001
1571,1.796589260457473e-05,0.8579827980000001
1572,1.794114073107297e-05,0.8585289360000001
1573,1.791607720708049e-05,0.8590750740000002
1574,1.789067704374404e-05,0.8596212120000001
1575,1.786491414902842e-05,0.8601673500000001
1576,1.783873654971818e-05,0.8607134880000001
1577,1.781206957178492e-05,0.8612596260000001
1578,1.778483269504993e-05,0.8618057640000001
1579,1.775694037792235e-05,0.8623519020000001
1580,1.772831213492975e-05,0.8628980400000001
1581,1.769822138753101e-05,0.8634441780000001
1582,1.766789541754978e-05,0.8639903160000001
1583,1.763665909170111e-05,0.8645364540000001
1584,1.760446004193546e-05,0.8650825920000002
1585,1.757125781536848e-05,0.8656287300000001
1586,1.753703072432514e-05,0.8661748680000001
1587,1.750176144409486e-05,0.8667210060000001
1588,1.746544768681225e-05,0.8672671440000002
1589,1.742810189200394e-05,0.8678132820000001
1590,1.738974996089838e-05,0.8683594200000001
1591,1.735041929206046e-05,0.8689055580000001
1592,1.731014925051181e-05,0.869451696
1593,1.726898992340764e-05,0.8699978340000001
1594,1.722699826505475e-05,0.8705439720000001
1595,1.718423507815705e-05,0.8710901100000001
1596,1.714076531267653e-05,0.8716362480000001
1597,1.70966550265963e-05,0.8721823860000001
1598,1.705196946700893e-05,0.8727285240000001
1599,1.700677205707716e-05,0.8732746620000001
1600,1.696112596049516e-05,0.8738208000000001
1601,1.69150909922257e-05,0.8743669380000001
1602,1.686872452115804e-05,0.8749130760000001
1603,1.682208126405173e-05,0.8754592140000002
1604,1.677521261935215e-05,0.8760053520000001
1605,1.672816605431512e-05,0.8765514900000001
1606,1.668098594841809e-05,0.8770976280000001
1607,1.66337125714404e-05,0.8776437660000002
1608,1.65863842900577e-05,0.8781899040000001
1609,1.653903605588264e-05,0.8787360420000001
1610,1.649170039605083e-05,0.8792821800000001
1611,1.644440655010731e-05,0.879828318
1612,1.639718077186571e-05,0.8803744560000001
1613,1.635003965324566e-05,0.8809205940000001
1614,1.630300599105911e-05,0.8814667320000001
1615,1.625610208015092e-05,0.8820128700000001
1616,1.62093471747805e-05,0.8825590080000001
1617,1.616275769736028e-05,0.8831051460000001
1618,1.611634731054004e-05,0.8836512840000001
1619,1.607012832115202e-05,0.8841974220000001
1620,1.602411987433572e-05,0.8847435600000001
1621,1.59783301098694e-05,0.8852896980000001
1622,1.593277085170201e-05,0.8858358360000002
1623,1.588745294661595e-05,0.8863819740000001
1624,1.584238891654637e-05,0.8869281120000001
1625,1.579759502626775e-05,0.8874742500000001
1626,1.575309032628869e-05,0.8880203880000002
1627,1.570889631120595e-05,0.8885665260000001
1628,1.566503784263142e-05,0.8891126640000001
1629,1.562154125951268e-05,0.8896588020000001
1630,1.55784341050966e-05,0.8902049400000001
1631,1.553574434900109e-05,0.8907510780000001
1632,1.549349931016185e-05,0.8912972160000001
1633,1.545172378257566e-05,0.8918433540000001
1634,1.541043863845741e-05,0.8923894920000001
1635,1.536966002161026e-05,0.8929356300000001
1636,1.532940037594246e-05,0.8934817680000001
1637,1.528966827048357e-05,0.8940279060000001
1638,1.525046929509238e-05,0.8945740440000001
1639,1.521180453135005e-05,0.8951201820000001
1640,1.517367138326553e-05,0.8956663200000001
1641,1.513606411958229e-05,0.8962124580000002
1642,1.509897487287434e-05,0.8967585960000001
1643,1.506239323127875e-05,0.8973047340000001
1644,1.50263057265569e-05,0.8978508720000001
1645,1.499069684322775e-05,0.8983970100000002
1646,1.495554908442529e-05,0.8989431480000001
1647,1.492084485478074e-05,0.8994892860000001
1648,1.48865651904398e-05,0.9000354240000001
1649,1.485269036128662e-05,0.9005815620000001
1650,1.481919985981544e-05,0.9011277
1651,1.478607249225587e-05,0.901673838
1652,1.475328686206697e-05,0.902219976
1653,1.472082166760207e-05,0.902766114
1654,1.468865542103876e-05,0.903312252
1655,1.465676760586868e-05,0.90385839
1656,1.462513729382939e-05,0.9044045280000002
1657,1.459374431667669e-05,0.904950666
1658,1.456256931089696e-05,0.905496804
1659,1.453159351224019e-05,0.906042942
1660,1.450079978346464e-05,0.9065890800000002
1661,1.447017124200215e-05,0.907135218
1662,1.443969219892194e-05,0.907681356
1663,1.440934828501981e-05,0.908227494
1664,1.437912726504055e-05,0.9087736320000002
1665,1.434901707626306e-05,0.90931977
1666,1.431900692940554e-05,0.909865908
1667,1.428908719757634e-05,0.910412046
1668,1.425925002694897e-05,0.910958184
1669,1.422948906186786e-05,0.911504322
1670,1.419979964725665e-05,0.91205046
1671,1.417017708885503e-05,0.912596598
1672,1.414061727050624e-05,0.913142736
1673,1.411111501667139e-05,0.913688874
1674,1.408166768158349e-05,0.914235012
1675,1.405227279589163e-05,0.9147811500000002
1676,1.402292963395238e-05,0.915327288
1677,1.399363686337021e-05,0.915873426
1678,1.396439374691431e-05,0.916419564
1679,1.393519825977191e-05,0.9169657020000002
1680,1.390605203520538e-05,0.91751184
1681,1.387695601248733e-05,0.918057978
1682,1.384790827090822e-05,0.918604116
1683,1.381890930200018e-05,0.9191502540000002
1684,1.378995993884535e-05,0.919696392
1685,1.376105142290663e-05,0.92024253
1686,1.373217727000741e-05,0.920788668
1687,1.37033337026171e-05,0.921334806
1688,1.367451412617204e-05,0.921880944
1689,1.36457134621991e-05,0.922427082
1690,1.36169259864165e-05,0.92297322
1691,1.358814642344316e-05,0.923519358
1692,1.355937193505651e-05,0.924065496
1693,1.353060189896122e-05,0.924611634
1694,1.350183429066033e-05,0.9251577720000002
1695,1.347307249204196e-05,0.92570391
1696,1.344432089680783e-05,0.926250048
1697,1.341558845689604e-05,0.926796186
1698,1.338688665700301e-05,0.9273423240000002
1699,1.335823174411391e-05,0.927888462
1700,1.33296440399106e-05,0.9284346
1701,1.330114782379473e-05,0.928980738
1702,1.327277104984276e-05,0.929526876
1703,1.32445452015535e-05,0.930073014
1704,1.321650376771674e-05,0.930619152
1705,1.31886819745969e-05,0.93116529
1706,1.316111604908353e-05,0.931711428
1707,1.313384279969011e-05,0.932257566
1708,1.310689887695832e-05,0.932803704
1709,1.308032011980248e-05,0.9333498420000002
1710,1.305414089370755e-05,0.93389598
1711,1.302839380356719e-05,0.934442118
1712,1.300310830085531e-05,0.934988256
1713,1.29783102834085e-05,0.9355343940000002
1714,1.295402420850495e-05,0.936080532
1715,1.293026436152405e-05,0.93662667
1716,1.290704058974587e-05,0.937172808
1717,1.288435770853766e-05,0.9377189460000002
1718,1.286221380658067e-05,0.938265084
1719,1.284059993680217e-05,0.938811222
1720,1.281950178235782e-05,0.93935736
1721,1.279890098292709e-05,0.939903498
1722,1.277877229030034e-05,0.940449636
1723,1.275908786597115e-05,0.940995774
1724,1.273981609350421e-05,0.941541912
1725,1.272092383303309e-05,0.94208805
1726,1.270237691394134e-05,0.942634188
1727,1.26841413312026e-05,0.943180326
1728,1.266618391227607e-05,0.9437264640000002
1729,1.264847326719499e-05,0.944272602
1730,1.263097939479297e-05,0.94481874
1731,1.261367457847056e-05,0.945364878
1732,1.259653343456785e-05,0.9459110160000002
1733,1.257953293327811e-05,0.946457154
1734,1.256265247876426e-05,0.947003292
1735,1.254587396121743e-05,0.94754943
1736,1.252918178149429e-05,0.9480955680000002
1737,1.251256284660807e-05,0.948641706
1738,1.249600666072338e-05,0.949187844
1739,1.247950504505766e-05,0.949733982
1740,1.246305190281617e-05,0.95028012
1741,1.244664342028462e-05,0.950826258
1742,1.243027788098667e-05,0.951372396
1743,1.241395553287974e-05,0.951918534
1744,1.239767804947304e-05,0.952464672
1745,1.238144868673683e-05,0.95301081
1746,1.236527186087015e-05,0.953556948
1747,1.23491530868312e-05,0.9541030860000002
1748,1.233309872550649e-05,0.954649224
1749,1.231711575255988e-05,0.955195362
1750,1.230121156885596e-05,0.9557415
1751,1.228539381303635e-05,0.9562876380000002
1752,1.226967012319935e-05,0.956833776
1753,1.225404805435888e-05,0.957379914
1754,1.223853485300854e-05,0.957926052
1755,1.222313738325594e-05,0.9584721900000002
1756,1.220786196909141e-05,0.959018328
1757,1.219271406959634e-05,0.959564466
1758,1.217769865676349e-05,0.960110604
1759,1.216281991583553e-05,0.960656742
1760,1.214808123633049e-05,0.96120288
1761,1.213348490990625e-05,0.961749018
1762,1.211903152444081e-05,0.9622951560000002
1763,1.210472177857625e-05,0.962841294
1764,1.209055538592652e-05,0.963387432
1765,1.207653125777917e-05,0.96393357
1766,1.206264703123918e-05,0.9644797080000002
1767,1.204889994393955e-05,0.965025846
1768,1.203528574131878e-05,0.965571984
